KB,,,엔카,,,편집거리,,,,
제조사,모델,세부모델,제조사,모델,세부모델,세부모델,수정본,,,
,,,,,,,,,,
현대,그랜저,더 뉴 그랜저,현대,그랜저,더 뉴 그랜저,더 뉴 그랜저 IG,더 뉴 그랜저,,,
,,,,,,,,,,
현대,그랜저,더 뉴 그랜저 하이브리드,현대,그랜저,더 뉴 그랜저 하이브리드,더 뉴 그랜저 IG 하이브리드,더 뉴 그랜저 하이브리드,,,
,,,,,,,,,,
현대,그랜저,그랜저IG,현대,그랜저,그랜저 IG,그랜저 IG,,,,
,,,,,,,,,,
현대,그랜저,그랜저IG 하이브리드,현대,그랜저,그랜저 IG 하이브리드,그랜저 IG 하이브리드,,,,
,,,,,,,,,,
현대,그랜저,그랜저HG,현대,그랜저,그랜저 HG,그랜저 HG,,,,
,,,,,,,,,,
현대,그랜저,그랜저 하이브리드,현대,그랜저,그랜저 HG 하이브리드,그랜저 IG 하이브리드,그랜저 HG 하이브리드,,,
,,,,,,,,,,
현대,그랜저,더 럭셔리 그랜저,현대,그랜저,더 럭셔리 그랜저,더 럭셔리 그랜저,,,,
,,,,,,,,,,
현대,그랜저,그랜저 뉴 럭셔리,현대,그랜저,그랜저 뉴 럭셔리,그랜저 뉴 럭셔리,,,,
,,,,,,,,,,
현대,그랜저,그랜저TG,현대,그랜저,그랜저 TG,그랜저 TG,,,,
,,,,,,,,,,
현대,그랜저,뉴그랜저XG,현대,그랜저,뉴 그랜저 XG,뉴 그랜저 XG,,,,
,,,,,,,,,,
현대,그랜저,그랜저XG,현대,그랜저,그랜저 XG,그랜저 XG,,,,
,,,,,,,,,,
현대,그랜저,뉴그랜저,현대,그랜저,뉴 그랜저,뉴 그랜저,,,,
,,,,,,,,,,
현대,그랜저,그랜저,현대,그랜저,그랜저,그랜저,,,,
,,,,,,,,,,
현대,포터,포터2,현대,포터,포터2,포니,포터2,,,
,,,,,,,,,,
현대,포터,포터2 일렉트릭,현대,포터,포터2 일렉트릭,코나 일렉트릭,포터2 일렉트릭,,,
,,,,,,,,,,
현대,포터,포터2 포레스트,현대,포터,포레스트,베르나 트랜스폼,포레스트,,,
,,,,,,,,,,
현대,포터,뉴포터,현대,포터,뉴 포터,뉴포텐샤,뉴 포터,,,
,,,,,,,,,,
현대,포터,포터,현대,포터,포터,포니,포터,,,
,,,,,,,,,,
현대,쏘나타,쏘나타 N Line,현대,쏘나타,쏘나타 N Line,쏘나타 (DN8),쏘나타 N Line,,,
,,,,,,,,,,
현대,쏘나타,쏘나타 (DN8),현대,쏘나타,쏘나타 (DN8),쏘나타 (DN8),,,,
,,,,,,,,,,
현대,쏘나타,쏘나타 하이브리드 (DN8),현대,쏘나타,쏘나타 하이브리드 (DN8),쏘나타 하이브리드 (DN8),,,,
,,,,,,,,,,
현대,쏘나타,쏘나타 뉴 라이즈,현대,쏘나타,쏘나타 뉴 라이즈,쏘나타 뉴 라이즈,,,,
,,,,,,,,,,
현대,쏘나타,쏘나타 뉴 라이즈 하이브리드,현대,쏘나타,쏘나타 뉴 라이즈 하이브리드,쏘나타 뉴 라이즈 하이브리드,,,,
,,,,,,,,,,
현대,쏘나타,LF쏘나타,현대,쏘나타,LF 쏘나타,LF 쏘나타,,,,
,,,,,,,,,,
현대,쏘나타,LF쏘나타 하이브리드,현대,쏘나타,LF 쏘나타 하이브리드,LF 쏘나타 하이브리드,,,,
,,,,,,,,,,
현대,쏘나타,쏘나타 더 브릴리언트,현대,쏘나타,쏘나타 더 브릴리언트,쏘나타 더 브릴리언트,,,,
,,,,,,,,,,
현대,쏘나타,쏘나타 하이브리드,현대,쏘나타,쏘나타 하이브리드,쏘나타 하이브리드,,,,
,,,,,,,,,,
현대,쏘나타,YF쏘나타,현대,쏘나타,YF 쏘나타,YF 쏘나타,,,,
,,,,,,,,,,
현대,쏘나타,NF쏘나타트랜스폼,현대,쏘나타,NF 쏘나타 트랜스폼,NF 쏘나타 트랜스폼,,,,
,,,,,,,,,,
현대,쏘나타,NF쏘나타,현대,쏘나타,NF 쏘나타,NF 쏘나타,,,,
,,,,,,,,,,
현대,쏘나타,뉴EF쏘나타,현대,쏘나타,뉴 EF 쏘나타,뉴 EF 쏘나타,,,,
,,,,,,,,,,
현대,쏘나타,EF쏘나타,현대,쏘나타,EF 쏘나타,EF 쏘나타,,,,
,,,,,,,,,,
현대,쏘나타,쏘나타3,현대,쏘나타,쏘나타3,쏘나타,쏘나타3,,,
,,,,,,,,,,
현대,쏘나타,쏘나타2,현대,쏘나타,쏘나타2,쏘나타,쏘나타2,,,
,,,,,,,,,,
현대,쏘나타,쏘나타,현대,쏘나타,쏘나타,쏘나타,쏘나타,,,
,,,,,,,,,,
현대,아반떼,올 뉴 아반떼(CN7),현대,아반떼,올 뉴 아반떼 (CN7),올 뉴 아반떼,올 뉴 아반떼 (CN7),,,
,,,,,,,,,,
현대,아반떼,올 뉴 아반떼 하이브리드(CN7),현대,아반떼,올 뉴 아반떼 하이브리드 (CN7),아반떼 하이브리드 (CN7),올 뉴 아반떼 하이브리드 (CN7),,,
,,,,,,,,,,
현대,아반떼,아반떼 N,현대,아반떼,아반떼 N,아반떼 AD,아반떼 N,,,
,,,,,,,,,,
현대,아반떼,더 뉴 아반떼 AD,현대,아반떼,더 뉴 아반떼 AD,더 뉴 아반떼 AD,,,,
,,,,,,,,,,
현대,아반떼,아반떼AD,현대,아반떼,아반떼 AD,아반떼 AD,,,,
,,,,,,,,,,
현대,아반떼,더 뉴 아반떼,현대,아반떼,더 뉴 아반떼,더 뉴 아반떼,,,,
,,,,,,,,,,
현대,아반떼,아반떼MD 쿠페,현대,아반떼,아반떼 쿠페,아반떼 쿠페,,,,
,,,,,,,,,,
현대,아반떼,아반떼MD,현대,아반떼,아반떼 MD,아반떼 MD,,,,
,,,,,,,,,,
현대,아반떼,아반떼하이브리드,현대,아반떼,아반떼 하이브리드,아반떼 하이브리드,,,,
,,,,,,,,,,
현대,아반떼,아반떼HD,현대,아반떼,아반떼 HD,아반떼 HD,,,,
,,,,,,,,,,
현대,아반떼,뉴아반떼XD,현대,아반떼,뉴 아반떼 XD,뉴 아반떼 XD,,,,
,,,,,,,,,,
현대,아반떼,아반떼XD,현대,아반떼,아반떼 XD,아반떼 XD,,,,
,,,,,,,,,,
현대,아반떼,올뉴아반떼,현대,아반떼,올 뉴 아반떼,올 뉴 아반떼,,,,
,,,,,,,,,,
현대,아반떼,아반떼,현대,아반떼,아반떼,아반떼,,,,
,,,,,,,,,,
현대,아반떼,아반떼투어링,현대,아반떼,아반떼,아반떼 AD,아반떼 투어링 KB에만 있음,,,
,,,,,,,,,,
현대,스타렉스,더 뉴 그랜드 스타렉스,현대,스타렉스,더 뉴 그랜드 스타렉스,더 뉴 그랜드 스타렉스,,,,
,,,,,,,,,,
현대,스타렉스,그랜드스타렉스,현대,스타렉스,그랜드 스타렉스,그랜드 스타렉스,,,,
,,,,,,,,,,
현대,스타렉스,뉴스타렉스,현대,스타렉스,뉴 스타렉스,스타렉스,뉴 스타렉스,,,
,,,,,,,,,,
현대,스타렉스,스타렉스 리무진,현대,스타렉스,스타렉스,스타렉스 점보,스타렉스,,,
,,,,,,,,,,
현대,스타렉스,스타렉스밴,현대,스타렉스,스타렉스,스타렉스,스타렉스,,,
,,,,,,,,,,
현대,스타렉스,스타렉스,현대,스타렉스,스타렉스,스타렉스,,,,
,,,,,,,,,,
현대,싼타페,더 뉴 싼타페 TM,현대,싼타페,더 뉴 싼타페,더 뉴 싼타페,,,,
,,,,,,,,,,
현대,싼타페,더 뉴 싼타페 TM 하이브리드,현대,싼타페,더 뉴 싼타페 하이브리드,더 뉴 그랜저 IG 하이브리드,더 뉴 싼타페 하이브리드,,,
,,,,,,,,,,
현대,싼타페,싼타페 TM,현대,싼타페,싼타페 TM,싼타페 TM,,,,
,,,,,,,,,,
현대,싼타페,싼타페 더 프라임,현대,싼타페,싼타페 더 프라임,싼타페 더 프라임,,,,
,,,,,,,,,,
현대,싼타페,싼타페 DM,현대,싼타페,싼타페 DM,싼타페 DM,,,,
,,,,,,,,,,
현대,싼타페,싼타페 CM,현대,싼타페,싼타페 CM,싼타페 CM,,,,
,,,,,,,,,,
현대,싼타페,싼타페,현대,싼타페,싼타페,싼타페,,,,
,,,,,,,,,,
현대,투싼,더 올 뉴 투싼(NX4),현대,투싼,디 올 뉴 투싼 (NX4),올 뉴 투싼,디 올 뉴 투싼 (NX4),,,
,,,,,,,,,,
현대,투싼,더 올 뉴 투싼 하이브리드(NX4),현대,투싼,디 올 뉴 투싼 하이브리드 (NX4),투싼 하이브리드 (NX4),디 올 뉴 투싼 하이브리드 (NX4),,,
,,,,,,,,,,
현대,투싼,더 올 뉴 투싼 N Line(NX4),현대,투싼,디 올 뉴 투싼 N Line (NX4),올 뉴 투싼,디 올 뉴 투싼 N Line (NX4),,,
,,,,,,,,,,
현대,투싼,더 올 뉴 투싼 N Line 하이브리드(NX4),현대,투싼,디 올 뉴 투싼 N Line 하이브리드 (NX4),투싼 하이브리드 (NX4),디 올 뉴 투싼 N Line 하이브리드 (NX4),,,
,,,,,,,,,,
현대,투싼,올 뉴 투싼,현대,투싼,올 뉴 투싼,올 뉴 투싼,,,,
,,,,,,,,,,
현대,투싼,뉴 투싼 ix,현대,투싼,뉴 투싼 ix,뉴 투싼 ix,,,,
,,,,,,,,,,
현대,투싼,투싼ix,현대,투싼,투싼 ix,투싼 ix,,,,
,,,,,,,,,,
현대,투싼,투싼,현대,투싼,투싼,투싼,,,,
,,,,,,,,,,
현대,제네시스,제네시스DH,현대,제네시스,제네시스 DH,제네시스 DH,,,,
,,,,,,,,,,
현대,제네시스,제네시스,현대,제네시스,제네시스,제네시스,,,,
,,,,,,,,,,
현대,에쿠스,에쿠스(신형),현대,에쿠스,에쿠스(신형),에쿠스(신형),,,,
,,,,,,,,,,
현대,에쿠스,에쿠스 리무진,현대,에쿠스,에쿠스 리무진,에쿠스(신형),에쿠스 리무진,,,
,,,,,,,,,,
현대,에쿠스,에쿠스,현대,에쿠스,에쿠스,에쿠스,,,,
,,,,,,,,,,
현대,마이티,올 뉴 마이티,현대,마이티,올 뉴 마이티,올 뉴 아반떼,올 뉴 마이티,,,
,,,,,,,,,,
현대,마이티,e-마이티,현대,마이티,e-마이티,쏠라티,e-마이티,,,
,,,,,,,,,,
현대,마이티,마이티 큐티,현대,마이티,마이티 큐티,다이너스티,마이티 큐티,,,
,,,,,,,,,,
현대,마이티,마이티2,현대,마이티,마이티2,마티즈,마이티2,,,
,,,,,,,,,,
현대,마이티,마이티,현대,마이티,마이티,갤로퍼,마이티,,,
,,,,,,,,,,
현대,코나,더 뉴 코나,현대,코나,더 뉴 코나,더 뉴 코나,,,,
,,,,,,,,,,
현대,코나,더 뉴 코나 하이브리드,현대,코나,더 뉴 코나 하이브리드,더 뉴 코나 하이브리드,,,,
,,,,,,,,,,
현대,코나,코나 N,현대,코나,코나 N,코나,코나 N,,,
,,,,,,,,,,
현대,코나,코나,현대,코나,코나,코나,,,,
,,,,,,,,,,
현대,코나,코나 일렉트릭,현대,코나,코나 일렉트릭,코나 일렉트릭,,,,
,,,,,,,,,,
현대,코나,코나 하이브리드,현대,코나,코나 하이브리드,코나 하이브리드,,,,
,,,,,,,,,,
현대,i30,i30 (PD),현대,i30,i30 (PD),i30 (PD),,,,
,,,,,,,,,,
현대,i30,더 뉴 i30,현대,i30,더 뉴 i30,더 뉴 i30,,,,
,,,,,,,,,,
현대,i30,i30(신형),현대,i30,i30(신형),i30(신형),,,,
,,,,,,,,,,
현대,i30,i30,현대,i30,i30,i30,,,,
,,,,,,,,,,
현대,i30,i30cw,현대,i30,i30 cw,i30 cw,,,,
,,,,,,,,,,
현대,엑센트,엑센트(신형),현대,엑센트,엑센트(신형),엑센트(신형),,,,
,,,,,,,,,,
현대,엑센트,뉴엑센트,현대,엑센트,뉴 엑센트,뉴 엑센트,,,,
,,,,,,,,,,
현대,엑센트,엑센트,현대,엑센트,엑센트,엑센트,,,,
,,,,,,,,,,
현대,벨로스터,벨로스터 N,현대,벨로스터,벨로스터 N,벨로스터,벨로스터 N,,,
,,,,,,,,,,
현대,벨로스터,벨로스터(JS),현대,벨로스터,벨로스터 (JS),벨로스터 (JS),,,,
,,,,,,,,,,
현대,벨로스터,더 뉴 벨로스터,현대,벨로스터,더 뉴 벨로스터,더 뉴 벨로스터,,,,
,,,,,,,,,,
현대,벨로스터,벨로스터,현대,벨로스터,벨로스터,벨로스터,,,,
,,,,,,,,,,
현대,펠리세이드,펠리세이드,현대,팰리세이드,팰리세이드,팰리세이드,,,,
,,,,,,,,,,
현대,트럭(4.5톤이상),현대트럭,현대,기타,트럭,엑센트,현대->기타->트럭,,,
,,,,,,,,,,
현대,베라크루즈,베라크루즈,현대,베라크루즈,베라크루즈,베라크루즈,,,,
,,,,,,,,,,
현대,제네시스쿠페,더 뉴 제네시스 쿠페,현대,제네시스,더 뉴 제네시스 쿠페,더 뉴 제네시스 쿠페,,,,
,,,,,,,,,,
현대,제네시스쿠페,제네시스 쿠페,현대,제네시스,제네시스 쿠페,제네시스 쿠페,,,,
,,,,,,,,,,
현대,맥스크루즈,더 뉴 맥스크루즈,현대,맥스크루즈,더 뉴 맥스크루즈,더 뉴 맥스크루즈,,,,
,,,,,,,,,,
현대,맥스크루즈,맥스크루즈,현대,맥스크루즈,맥스크루즈,맥스크루즈,,,,
,,,,,,,,,,
현대,i40,더 뉴 i40,현대,i40,더 뉴 i40,더 뉴 i40,,,,
,,,,,,,,,,
현대,i40,더 뉴 i40 Saloon,현대,i40,더 뉴 i40 살룬,더 뉴 i40 살룬,,,,
,,,,,,,,,,
현대,i40,i40,현대,i40,i40,i40,,,,
,,,,,,,,,,
현대,i40,i40 Saloon,현대,i40,i40 살룬,i40 살룬,,,,
,,,,,,,,,,
현대,버스(16~36인),카운티 EV,현대,카운티,카운티 EV,쏘울 EV,카운티 EV,,,
,,,,,,,,,,
현대,버스(16~36인),뉴카운티,현대,카운티,뉴 카운티,뉴카니발,뉴 카운티,,,
,,,,,,,,,,
현대,버스(16~36인),카운티,현대,카운티,카운티,쏠라티,카운티,,,
,,,,,,,,,,
현대,버스(16~36인),e-카운티,현대,카운티,e-카운티,쏠라티,e-카운티,,,
,,,,,,,,,,
현대,버스(16~36인),코러스,현대,코러스,코러스,카렌스,코러스,,,
,,,,,,,,,,
현대,트럭(2.5~4.5톤),3.5톤 트럭,현대,기타,트럭,i40 살룬,현대->기타->트럭,,,
,,,,,,,,,,
현대,아이오닉,더 뉴 아이오닉 일렉트릭,현대,아이오닉,더 뉴 아이오닉 일렉트릭,더 뉴 아이오닉 일렉트릭,,,,
,,,,,,,,,,
현대,아이오닉,더 뉴 아이오닉,현대,아이오닉,더 뉴 아반떼,더 뉴 아반떼,,,,
,,,,,,,,,,
현대,아이오닉,아이오닉 일렉트릭,현대,아이오닉,아이오닉 일렉트릭,아이오닉 일렉트릭,,,,
,,,,,,,,,,
현대,아이오닉,아이오닉,현대,아이오닉,아이오닉,아이오닉5,아이오닉,,,
,,,,,,,,,,
현대,아슬란,아슬란,현대,아슬란,아슬란,아슬란,,,,
,,,,,,,,,,
현대,베뉴,베뉴,현대,베뉴,베뉴,베뉴,,,,
,,,,,,,,,,
현대,베르나,베르나 트랜스폼,현대,베르나,베르나 트랜스폼,베르나 트랜스폼,,,,
,,,,,,,,,,
현대,베르나,베르나(신형),현대,베르나,베르나(신형),베르나(신형),,,,
,,,,,,,,,,
현대,베르나,뉴베르나,현대,베르나,뉴 베르나,베르나,뉴 베르나,,,
,,,,,,,,,,
현대,베르나,베르나,현대,베르나,베르나,베르나,,,,
,,,,,,,,,,
현대,테라칸,테라칸,현대,테라칸,테라칸,테라칸,,,,
,,,,,,,,,,
현대,갤로퍼,갤로퍼2,현대,갤로퍼,갤로퍼 2,갤로퍼 2,,,,
,,,,,,,,,,
현대,갤로퍼,갤로퍼밴2,현대,갤로퍼,갤로퍼 2,갤로퍼 2,갤로퍼 2,,,
,,,,,,,,,,
현대,갤로퍼,갤로퍼,현대,갤로퍼,갤로퍼,갤로퍼,,,,
,,,,,,,,,,
현대,갤로퍼,갤로퍼밴,현대,갤로퍼,갤로퍼,갤로퍼 2,갤로퍼,,,
,,,,,,,,,,
현대,쏠라티,쏠라티,현대,쏠라티,쏠라티,쏠라티,,,,
,,,,,,,,,,
현대,트라제XG,트라제XG,현대,트라제 XG,트라제 XG,트라제 XG,,,,
,,,,,,,,,,
현대,버스(26인이상),에어로,현대,에어로,에어로,에쿠스,에어로,,,
,,,,,,,,,,
현대,버스(26인이상),에어로버스,현대,에어로,에어로버스,트래버스,에어로버스,,,
,,,,,,,,,,
현대,버스(26인이상),에어로스페이스 (95년,현대,에어로,에어로스페이스,벨로스터 (JS),에어로스페이스,,,
,,,,,,,,,,
현대,버스(26인이상),에어로시티,현대,에어로,에어로시티,로체,에어로시티,,,
,,,,,,,,,,
현대,버스(26인이상),슈퍼에어로시티 (01년,현대,에어로,슈퍼에어로시티,슈퍼 렉스턴,슈퍼에어로시티,,,
,,,,,,,,,,
현대,버스(26인이상),에어로타운,현대,에어로,에어로타운,파크타운,에어로타운,,,
,,,,,,,,,,
현대,버스(26인이상),유니버스,현대,유니버스,유니버스,트래버스,유니버스,,,
,,,,,,,,,,
현대,버스(26인이상),e-에어로타운 (04년~,현대,에어로,e-에어로타운,쏘나타 (DN8),e-에어로타운,,,
,,,,,,,,,,
현대,버스(26인이상),현대버스,현대,기타,버스,트래버스,현대->기타->버스,,,
,,,,,,,,,,
현대,넥쏘,넥쏘,현대,넥쏘,넥쏘,넥쏘,,,,
,,,,,,,,,,
현대,투스카니,뉴투스카니,현대,투스카니,투스카니(신형),투스카니,투스카니(신형),,,
,,,,,,,,,,
현대,투스카니,투스카니,현대,투스카니,투스카니,투스카니,,,,
,,,,,,,,,,
현대,아이오닉5,아이오닉5,현대,아이오닉5,아이오닉5,아이오닉5,,,,
,,,,,,,,,,
현대,스타리아,스타리아,현대,스타리아,스타리아,스타리아,,,,
,,,,,,,,,,
현대,스타리아,스타리아 카고,현대,스타리아,스타리아 카고,스타리아,스타리아 카고,,,
,,,,,,,,,,
현대,스타리아,스타리아 라운지,현대,스타리아,스타리아 라운지,스타리아,스타리아 라운지,,,
,,,,,,,,,,
현대,클릭,뉴클릭,현대,클릭,뉴 클릭,뉴 클릭,,,,
,,,,,,,,,,
현대,클릭,클릭 하이브리드,현대,클릭,클릭 하이브리드,클릭 하이브리드,,,,
,,,,,,,,,,
현대,클릭,클릭,현대,클릭,클릭,클릭,,,,
,,,,,,,,,,
현대,리베로,리베로,현대,리베로,리베로,리베로,리베로,,,
,,,,,,,,,,
현대,캐스퍼,캐스퍼,현대,캐스퍼,캐스퍼,캐스퍼,,,,
,,,,,,,,,,
현대,다이너스티,다이너스티,현대,다이너스티,다이너스티,다이너스티,,,,
,,,,,,,,,,
현대,엘란트라,뉴엘란트라,현대,엘란트라,뉴엘란트라,뉴엘란트라,,,,
,,,,,,,,,,
현대,엘란트라,엘란트라,현대,엘란트라,엘란트라,엘란트라,,,,
,,,,,,,,,,
현대,티뷰론,티뷰론터뷸런스,현대,티뷰론,티뷰론터뷸런스,티뷰론,티뷰론터뷸런스,,,
,,,,,,,,,,
현대,티뷰론,티뷰론,현대,티뷰론,티뷰론,티뷰론,,,,
,,,,,,,,,,
현대,그레이스,뉴그레이스,현대,그레이스,뉴그레이스,뉴그레이스,,,,
,,,,,,,,,,
현대,그레이스,그레이스,현대,그레이스,그레이스,그레이스,,,,
,,,,,,,,,,
현대,라비타,라비타,현대,라비타,라비타,라비타,,,,
,,,,,,,,,,
현대,마르샤,마르샤,현대,마르샤,마르샤,마르샤,,,,
,,,,,,,,,,
현대,포니,포니2,현대,포니,포니2,포니,포니2,,,
,,,,,,,,,,
현대,포니,포니,현대,포니,포니,포니,,,,
,,,,,,,,,,
현대,스텔라,스텔라,현대,스텔라,스텔라,스텔라,,,,
,,,,,,,,,,
현대,엑셀,엑셀,현대,엑셀,엑셀,엑셀,,,,
,,,,,,,,,,
현대,싼타모,싼타모플러스,현대,산타모,산타모플러스,스타렉스,산타모플러스,,,
,,,,,,,,,,
현대,싼타모,싼타모,현대,산타모,산타모,산타모,,,,
,,,,,,,,,,
현대,트라고,트라고,현대,트라고,트라고,쏠라티,트라고,,,
,,,,,,,,,,
현대,기타,91A,현대,기타,트럭,i30,현대->기타->트럭,,,
,,,,,,,,,,
현대,기타,90A,현대,기타,트럭,G90,현대->기타->트럭,,,
,,,,,,,,,,
현대,엑시언트,카고,현대,기타,트럭,코나,현대->기타->트럭,,,
,,,,,,,,,,
현대,엑시언트,덤프,현대,기타,트럭,니로,현대->기타->트럭,,,
,,,,,,,,,,
현대,엑시언트,믹서,현대,기타,트럭,엑셀,현대->기타->트럭,,,
,,,,,,,,,,
현대,엑시언트,트랙터,현대,기타,트럭,트랙스,현대->기타->트럭,,,
,,,,,,,,,,
현대,파비스,파비스,현대,기타,트럭,트랙스,현대->기타->트럭,,,
,,,,,,,,,,
제네시스,G80,G80(RG3),제네시스,G80,G80 (RG3),G80 (RG3),,,,
,,,,,,,,,,
제네시스,G80,ELECTRIFIED G80,제네시스,G80,일렉트리파이드 G80 (RG3),더 뉴 G70,일렉트리파이드 G80 (RG3),,,
,,,,,,,,,,
제네시스,G80,G80 SPORT,제네시스,G80,G80 SPORT,G80 (RG3),G80 SPORT,,,
,,,,,,,,,,
제네시스,G80,G80(DH),제네시스,G80,G80,G80,G80,,,
,,,,,,,,,,
제네시스,EQ900,EQ900,제네시스,EQ900,EQ900,EQ900,,,,
,,,,,,,,,,
제네시스,G70,더 뉴 G70,제네시스,G70,더 뉴 G70,더 뉴 G70,,,,
,,,,,,,,,,
제네시스,G70,더 뉴 G70 SPORT,제네시스,G70,더 뉴 G70 SPORT,더 뉴 G70,더 뉴 G70 SPORT,,,
,,,,,,,,,,
제네시스,G70,G70,제네시스,G70,G70,G70,,,,
,,,,,,,,,,
제네시스,G70,G70 SPORT,제네시스,G70,G70 SPORT,i30 (PD),G70 SPORT,,,
,,,,,,,,,,
제네시스,G90,G90(RS4),제네시스,G90,G90 (RS4),G80 (RG3),G90 (RS4),,,
,,,,,,,,,,
제네시스,G90,G90,제네시스,G90,G90,G90,,,,
,,,,,,,,,,
제네시스,GV80,GV80,제네시스,GV80,GV80,GV80,,,,
,,,,,,,,,,
제네시스,GV70,GV70,제네시스,GV70,GV70,GV70,,,,
,,,,,,,,,,
제네시스,GV60,GV60,제네시스,GV60,GV60,GV60,,,,
,,,,,,,,,,
기아,모닝,모닝 어반,기아,모닝,모닝 어반,모닝 어반,,<여기부터는 여기다가 정리하기>,,
,,,,,,,,,,
기아,모닝,모닝 어반 밴,기아,모닝,모닝 어반,모닝 어반,F,모닝 어반,밴,
,,,,,,,,,,
기아,모닝,올 뉴 모닝(JA),기아,모닝,올 뉴 모닝 (JA),올 뉴 모닝 (JA),T,,,
,,,,,,,,,,
기아,모닝,올 뉴 모닝밴(JA),기아,모닝,올 뉴 모닝 (JA),올 뉴 모닝 (JA),F,올 뉴 모닝 (JA),밴,
,,,,,,,,,,
기아,모닝,더 뉴 모닝,기아,모닝,더 뉴 모닝,더 뉴 모닝,T,,,
,,,,,,,,,,
기아,모닝,더 뉴 모닝밴,기아,모닝,더 뉴 모닝,더 뉴 모닝,F,더 뉴 모닝,,
,,,,,,,,,,
기아,모닝,all new 모닝,기아,모닝,올 뉴 모닝,올 뉴 모닝,F,all new -> 올 뉴,,
,,,,,,,,,,
기아,모닝,all new 모닝밴,기아,모닝,올 뉴 모닝,All New 마티즈,F,완전 잘못 됨,,
,,,,,,,,,,
기아,모닝,뉴모닝,기아,모닝,뉴모닝,뉴모닝,T,,,
,,,,,,,,,,
기아,모닝,뉴모닝밴,기아,모닝,뉴모닝,뉴모닝,F,뉴모닝,밴,
,,,,,,,,,,
기아,모닝,모닝,기아,모닝,모닝,모닝,T,,,
,,,,,,,,,,
기아,모닝,모닝밴,기아,모닝,모닝,모닝,F,모닝,밴,
,,,,,,,,,,
기아,카니발,카니발 4세대,기아,카니발,카니발 4세대,카니발 4세대,T,,,
,,,,,,,,,,
기아,카니발,더 뉴 카니발,기아,카니발,더 뉴 카니발,더 뉴 카니발,T,,,
,,,,,,,,,,
기아,카니발,올 뉴 카니발,기아,카니발,올 뉴 카니발,올 뉴 카니발,T,,,
,,,,,,,,,,
기아,카니발,카니발 R,기아,카니발,카니발 R,카니발 R,T,,,
,,,,,,,,,,
기아,카니발,그랜드카니발,기아,카니발,그랜드 카니발,그랜드 카니발,T,,,
,,,,,,,,,,
기아,카니발,뉴카니발,기아,카니발,뉴카니발,뉴카니발,T,,,
,,,,,,,,,,
기아,카니발,카니발2,기아,카니발,카니발2,카니발,F,카니발2,,
,,,,,,,,,,
기아,카니발,카니발,기아,카니발,카니발,카니발,T,,,
,,,,,,,,,,
기아,봉고,더 뉴 봉고3,기아,봉고,더 뉴 봉고3,더 뉴 K3,F,더 뉴 봉고3,,
,,,,,,,,,,
기아,봉고,더 뉴 봉고3 EV,기아,봉고,더 뉴 봉고3 EV,더 뉴 K3 쿱,F,더 뉴 봉고3 EV,,
,,,,,,,,,,
기아,봉고,봉고3,기아,봉고,봉고3,베뉴,F,봉고3,,
,,,,,,,,,,
기아,봉고,봉고,기아,봉고,봉고,베뉴,F,봉고,,
,,,,,,,,,,
기아,K5,K5 3세대,기아,K5,K5 3세대,K5 3세대,T,,,
,,,,,,,,,,
기아,K5,K5 하이브리드 3세대,기아,K5,K5 하이브리드 3세대,K5 하이브리드 3세대,T,,,
,,,,,,,,,,
기아,K5,더 뉴 K5 2세대,기아,K5,더 뉴 K5 2세대,더 뉴 K5 2세대,T,,,
,,,,,,,,,,
기아,K5,K5 2세대,기아,K5,K5 2세대,K5 2세대,T,,,
,,,,,,,,,,
기아,K5,더 뉴 K5 하이브리드 2세대,기아,K5,더 뉴 K5 하이브리드 2세대,더 뉴 K5 하이브리드 2세대,T,,,
,,,,,,,,,,
기아,K5,더 뉴 K5,기아,K5,더 뉴 K5,더 뉴 K5,T,,,
,,,,,,,,,,
기아,K5,K5 하이브리드 2세대,기아,K5,K5 하이브리드 2세대,K5 하이브리드 2세대,T,,,
,,,,,,,,,,
기아,K5,K5 하이브리드,기아,K5,K5 하이브리드,K5 하이브리드,T,,,
,,,,,,,,,,
기아,K5,K5,기아,K5,K5,K5,T,,,
,,,,,,,,,,
기아,쏘렌토,쏘렌토 4세대,기아,쏘렌토,쏘렌토 4세대,쏘렌토 4세대,T,,,
,,,,,,,,,,
기아,쏘렌토,쏘렌토 4세대 하이브리드,기아,쏘렌토,쏘렌토 4세대 하이브리드,스포티지 5세대 하이브리드,F,쏘렌토 4세대 하이브리드,,
,,,,,,,,,,
기아,쏘렌토,더 뉴 쏘렌토,기아,쏘렌토,더 뉴 쏘렌토,더 뉴 쏘렌토,T,,,
,,,,,,,,,,
기아,쏘렌토,올 뉴쏘렌토,기아,쏘렌토,올 뉴 쏘렌토,올 뉴 쏘렌토,T,,,
,,,,,,,,,,
기아,쏘렌토,뉴쏘렌토R,기아,쏘렌토,뉴 쏘렌토 R,뉴쏘렌토,F,뉴 쏘렌토 R,,
,,,,,,,,,,
기아,쏘렌토,쏘렌토R,기아,쏘렌토,쏘렌토 R,쏘렌토 R,T,,,
,,,,,,,,,,
기아,쏘렌토,뉴쏘렌토,기아,쏘렌토,뉴쏘렌토,뉴쏘렌토,T,,,
,,,,,,,,,,
기아,쏘렌토,쏘렌토,기아,쏘렌토,쏘렌토,쏘렌토,T,,,
,,,,,,,,,,
기아,K7,K7 프리미어,기아,K7,K7 프리미어,K7 프리미어,T,,,
,,,,,,,,,,
기아,K7,K7 프리미어 하이브리드,기아,K7,K7 프리미어 하이브리드,K7 프리미어 하이브리드,T,,,
,,,,,,,,,,
기아,K7,올 뉴 K7,기아,K7,올 뉴 K7,올 뉴 K7,T,,,
,,,,,,,,,,
기아,K7,올 뉴 K7 하이브리드,기아,K7,올 뉴 K7 하이브리드,올 뉴 K7 하이브리드,T,,,
,,,,,,,,,,
기아,K7,더 뉴 K7,기아,K7,더 뉴 K7,더 뉴 K7,T,,,
,,,,,,,,,,
기아,K7,K7 하이브리드,기아,K7,K7 하이브리드,K7 하이브리드,T,,,
,,,,,,,,,,
기아,K7,더 프레스티지 K7,기아,K7,더 프레스티지 K7,더 프레스티지 K7,T,,,
,,,,,,,,,,
기아,K7,K7,기아,K7,K7,K7,T,,,
,,,,,,,,,,
기아,스포티지,디 올 뉴 스포티지,기아,스포티지,디 올 뉴 스포티지,더 뉴 스포티지 R,F,디 올 뉴 스포티지,,
,,,,,,,,,,
기아,스포티지,디 올 뉴 스포티지 하이브리드,기아,스포티지,디 올 뉴 스포티지 하이브리드,올 뉴 K7 하이브리드,F,디 올 뉴 스포티지 하이브리드,,
,,,,,,,,,,
기아,스포티지,스포티지 더 볼드,기아,스포티지,스포티지 더 볼드,스포티지 더 볼드,T,,,
,,,,,,,,,,
기아,스포티지,스포티지 4세대,기아,스포티지,스포티지 4세대,스포티지 4세대,T,,,
,,,,,,,,,,
기아,스포티지,더 뉴 스포티지 R,기아,스포티지,더 뉴 스포티지 R,더 뉴 스포티지 R,T,,,
,,,,,,,,,,
기아,스포티지,스포티지 R,기아,스포티지,스포티지 R,스포티지 R,T,,,
,,,,,,,,,,
기아,스포티지,뉴스포티지,기아,스포티지,뉴 스포티지,스포티지,F,뉴 스포티지,,
,,,,,,,,,,
기아,스포티지,스포티지,기아,스포티지,스포티지,스포티지,T,,,
,,,,,,,,,,
기아,스포티지,스포티지밴,기아,스포티지,스포티지,스포티지 R,F,스포티지,,
,,,,,,,,,,
기아,레이,더 뉴 레이,기아,레이,더 뉴 레이,더 뉴 레이,T,,,
,,,,,,,,,,
기아,레이,더 뉴 레이 밴,기아,레이,더 뉴 레이,더 뉴 레이,F,더 뉴 레이,,
,,,,,,,,,,
기아,레이,레이,기아,레이,레이,레이,T,,,
,,,,,,,,,,
기아,레이,레이밴,기아,레이,레이,레이,F,레이,,
,,,,,,,,,,
기아,K3,더 뉴 K3(BD),기아,K3,더 뉴 K3 2세대,더 뉴 K3,F,더 뉴 K3 2세대,,
,,,,,,,,,,
기아,K3,더 뉴 K3 GT(BD),기아,K3,더 뉴 K3 GT 2세대,더 뉴 K3 2세대,F,더 뉴 K3 GT 2세대,,
,,,,,,,,,,
기아,K3,올 뉴 K3,기아,K3,올 뉴 K3,올 뉴 K3,T,,,
,,,,,,,,,,
기아,K3,올 뉴 K3 GT,기아,K3,올 뉴 K3 GT,올 뉴 K3,F,올 뉴 K3 GT,,
,,,,,,,,,,
기아,K3,더 뉴 K3,기아,K3,더 뉴 K3,더 뉴 K3,T,,,
,,,,,,,,,,
기아,K3,더 뉴 K3 유로,기아,K3,더 뉴 K3 유로,더 뉴 K3 유로,T,,,
,,,,,,,,,,
기아,K3,더 뉴 K3 디젤,기아,K3,더 뉴 K3,더 뉴 K3 쿱,F,더 뉴 K3,(KB만 연료로 따로 구분하고 그 외 사이트는 통합되어 있음),
,,,,,,,,,,
기아,K3,K3 쿱,기아,K3,K3 쿱,K3 쿱,T,,,
,,,,,,,,,,
기아,K3,K3 유로,기아,K3,K3 유로,K3 유로,T,,,
,,,,,,,,,,
기아,K3,K3,기아,K3,K3,K3,T,,,
,,,,,,,,,,
기아,K3,K3 디젤,기아,K3,K3,K3 쿱,F,K3,(KB만 연료로 따로 구분하고 그 외 사이트는 통합되어 있음),
,,,,,,,,,,
기아,모하비,모하비 더마스터,기아,모하비,모하비 더 마스터,모하비 더 마스터,T,,,
,,,,,,,,,,
기아,모하비,더 뉴 모하비,기아,모하비,더 뉴 모하비,더 뉴 모하비,T,,,
,,,,,,,,,,
기아,모하비,모하비,기아,모하비,모하비,모하비,T,,,
,,,,,,,,,,
기아,K9,더 뉴 K9(2세대),기아,K9,더 뉴 K9 2세대,더 뉴 K9 2세대,F,더 뉴 K9 2세대,,
,,,,,,,,,,
기아,K9,더 K9,기아,K9,더 K9,더 K9,T,,,
,,,,,,,,,,
기아,K9,더 뉴 K9,기아,K9,더 뉴 K9,더 뉴 K9,T,,,
,,,,,,,,,,
기아,K9,K9,기아,K9,K9,K9,T,,,
,,,,,,,,,,
기아,카렌스,더 뉴 카렌스,기아,카렌스,더 뉴 카렌스,더 뉴 카렌스,T,,,
,,,,,,,,,,
기아,카렌스,올 뉴 카렌스,기아,카렌스,올 뉴 카렌스,올 뉴 카렌스,T,,,
,,,,,,,,,,
기아,카렌스,뉴카렌스,기아,카렌스,뉴카렌스,뉴카렌스,T,,,
,,,,,,,,,,
기아,카렌스,카렌스2,기아,카렌스,카렌스2,카렌스,F,카렌스2,로마자,
,,,,,,,,,,
기아,카렌스,카렌스,기아,카렌스,카렌스,카렌스,T,,,
,,,,,,,,,,
기아,프라이드,더 뉴 프라이드,기아,프라이드,더 뉴 프라이드,더 뉴 프라이드,T,,,
,,,,,,,,,,
기아,프라이드,올 뉴 프라이드,기아,프라이드,올 뉴 프라이드,올 뉴 프라이드,T,,,
,,,,,,,,,,
기아,프라이드,뉴프라이드,기아,프라이드,프라이드(신형),프라이드,F,프라이드(신형),해당 차량은 전부 프라이드로 해야함,
,,,,,,,,,KB만 프라이드를 세분화 시켜둠,
기아,프라이드,프라이드베타,기아,프라이드,프라이드,프라이드,F,프라이드,,
,,,,,,,,,,
기아,프라이드,프라이드밴,기아,프라이드,프라이드,프라이드,F,프라이드,,
,,,,,,,,,,
기아,프라이드,프라이드,기아,프라이드,프라이드,프라이드,T,,,
,,,,,,,,,,
기아,오피러스,오피러스 프리미엄,기아,오피러스,오피러스 프리미엄,오피러스 프리미엄,T,,,
,,,,,,,,,,
기아,오피러스,뉴오피러스,기아,오피러스,뉴오피러스,뉴오피러스,T,,,
,,,,,,,,,,
기아,오피러스,오피러스,기아,오피러스,오피러스,오피러스,T,,,
,,,,,,,,,,
기아,쏘울,쏘울 부스터,기아,쏘울,쏘울 부스터,쏘울 부스터,T,,,
,,,,,,,,,,
기아,쏘울,쏘울 부스터 EV,기아,쏘울,쏘울 부스터 EV,쏘울 부스터 EV,T,,,
,,,,,,,,,,
기아,쏘울,더 뉴 쏘울,기아,쏘울,더 뉴 쏘울,더 뉴 쏘울,T,,,
,,,,,,,,,,
기아,쏘울,쏘울 EV,기아,쏘울,쏘울 EV,쏘울 EV,T,,,
,,,,,,,,,,
기아,쏘울,올 뉴 쏘울,기아,쏘울,올 뉴 쏘울,올 뉴 쏘울,T,,,
,,,,,,,,,,
기아,쏘울,쏘울,기아,쏘울,쏘울,쏘울,T,,,
,,,,,,,,,,
기아,포르테,포르테,기아,포르테,포르테,포르테,T,,,
,,,,,,,,,,
기아,포르테,포르테 쿱,기아,포르테,포르테 쿱,포르테 쿱,T,,,
,,,,,,,,,,
기아,포르테,포르테 해치백,기아,포르테,포르테 해치백,포르테 해치백,T,,,
,,,,,,,,,,
기아,스팅어,스팅어 마이스터,기아,스팅어,스팅어 마이스터,스팅어 마이스터,T,,,
,,,,,,,,,,
기아,스팅어,스팅어,기아,스팅어,스팅어,스팅어,T,,,
,,,,,,,,,,
기아,스토닉,스토닉,기아,스토닉,스토닉,스토닉,T,,,
,,,,,,,,,,
기아,로체,로체 이노베이션,기아,로체,로체 이노베이션,로체 이노베이션,T,,,
,,,,,,,,,,
기아,로체,로체 어드밴스,기아,로체,로체 어드밴스,로체 어드밴스,T,,,
,,,,,,,,,,
기아,로체,로체,기아,로체,로체,로체,T,,,
,,,,,,,,,,
기아,니로,더 뉴 니로,기아,니로,더 뉴 니로,더 뉴 니로,T,,,
,,,,,,,,,,
기아,니로,니로 EV,기아,니로,니로 EV,니로 EV,T,,,
,,,,,,,,,,
기아,니로,니로,기아,니로,니로,니로,T,,,
,,,,,,,,,,
기아,셀토스,셀토스,기아,셀토스,셀토스,셀토스,T,,,
,,,,,,,,,,
기아,K8,K8,기아,K8,K8,K8,T,,,
,,,,,,,,,,
기아,K8,K8 하이브리드,기아,K8,K8 하이브리드,K8 하이브리드,T,,,
,,,,,,,,,,
기아,프런티어,봉고프런티어,기아,봉고,봉고프론티어,K7 프리미어,F,봉고,봉고프론티어,
,,,,,,,,,,
기아,프런티어,와이드봉고,현대,봉고,와이드봉고,다이너스티,F,봉고,와이드봉고,
,,,,,,,,,,
기아,프런티어,프런티어,현대,봉고,봉고프론티어,프레스토,F,봉고,봉고프론티어,
,,,,,,,,,,
기아,쎄라토,뉴쎄라토,기아,쎄라토,뉴쎄라토,뉴쎄라토,T,,,
,,,,,,,,,,
기아,쎄라토,쎄라토,기아,쎄라토,쎄라토,쎄라토,T,,,
,,,,,,,,,,
기아,트럭(4.5톤이상),라이노,기아,기타,트럭,라비타,F,기아,기타,트럭
,,,,,,,,,,
기아,트럭(4.5톤이상),그랜토,기아,기타,트럭,그랜저,F,기아,기타,트럭
,,,,,,,,,,
기아,트럭(4.5톤이상),와이드복사,기아,기타,트럭,다이너스티,F,기아,기타,트럭
,,,,,,,,,,
기아,트럭(4.5톤이상),복사,기아,기타,트럭,베뉴,F,기아,기타,트럭
,,,,,,,,,,
기아,트럭(4.5톤이상),기아/아시아트럭,기아,기타,트럭,넥시아,F,기아,기타,트럭
,,,,,,,,,,
기아,트럭(4.5톤이상),국제트럭,기아,기타,트럭,젠트라,F,기아,기타,트럭
,,,,,,,,,,
기아,트럭(4.5톤이상),금강트럭,기아,기타,트럭,엑센트,F,기아,기타,트럭
,,,,,,,,,,
기아,트럭(4.5톤이상),동아트럭,기아,기타,트럭,피아트132,F,기아,기타,트럭
,,,,,,,,,,
기아,트럭(4.5톤이상),진도트럭,기아,기타,트럭,젠트라,F,기아,기타,트럭
,,,,,,,,,,
기아,트럭(4.5톤이상),한라이베코트랙터,기아,기타,트럭,하이베스타,F,기아,기타,트럭
,,,,,,,,,,
기아,트럭(4.5톤이상),한원트럭,기아,기타,트럭,싼타페,F,기아,기타,트럭
,,,,,,,,,,
기아,옵티마,옵티마리갈,기아,옵티마,옵티마 리갈,옵티마,F,옵티마 리갈,,
,,,,,,,,,,
기아,옵티마,옵티마,기아,옵티마,옵티마,옵티마,T,,,
,,,,,,,,,,
기아,레토나,레토나,기아,레토나,레토나,레토나,T,,,
,,,,,,,,,,
기아,레토나,레토나밴,기아,레토나,레토나,레토나,F,레토나,,
,,,,,,,,,,
기아,프레지오,프레지오,기아,프레지오,프레지오,프레지오,T,,,
,,,,,,,,,,
기아,세레스,세레스,기아,기타,트럭,셀토스,F,기아->기타->트럭,,
,,,,,,,,,,
기아,EV6,EV6,기아,EV6,EV6,EV6,T,,,
,,,,,,,,,,
기아,EV6,EV6 GT,기아,EV6,EV6,EV6,F,EV6,,
,,,,,,,,,,
기아,버스(26인이상),뉴그랜버드,기아,그랜버드,그랜버드,뉴 그랜저,F,그랜버드,,
,,,,,,,,,,
기아,버스(26인이상),그랜버드,기아,그랜버드,그랜버드,그랜저,F,그랜버드,,
,,,,,,,,,,
기아,버스(26인이상),기아/아시아버스,기아,기타,버스,트래버스,F,기아,기타,버스
,,,,,,,,,,
기아,버스(26인이상),콤비(26이상),기아,기타,버스,뉴그레이스,F,기아,기타,버스
,,,,,,,,,,
기아,버스(26인이상),AM928,기아,기타,버스,EQ900,F,기아,기타,버스
,,,,,,,,,,
기아,타우너,타우너,기아,타우너,타우너,타우너,T,,,
,,,,,,,,,,
기아,타우너,타우너 밴,기아,타우너,타우너,타우너,F,타우너,,
,,,,,,,,,,
기아,타우너,타우너트럭,기아,타우너,타우너,타우너,F,타우너,,
,,,,,,,,,,
기아,트럭(2.5~4.5톤),점보타이탄,기아,기타,트럭,스타렉스,F,기아,기타,트럭
,,,,,,,,,,
기아,트럭(2.5~4.5톤),타이탄,기아,기타,트럭,레이,F,기아,기타,트럭
,,,,,,,,,,
기아,트럭(2.5~4.5톤),파맥스,기아,기타,트럭,다마스,F,기아,기타,트럭
,,,,,,,,,,
기아,트럭(2.5~4.5톤),트레이드,기아,기타,트럭,그레이스,F,기아,기타,트럭
,,,,,,,,,,
기아,스펙트라,스펙트라,기아,스펙트라,스펙트라,스펙트라,T,,,
,,,,,,,,,,
기아,스펙트라,스펙트라윙,기아,스펙트라,스펙트라,스펙트라,F,스펙트라,,
,,,,,,,,,,
기아,엔터프라이즈,엔터프라이즈,기아,엔터프라이즈,엔터프라이즈,엔터프라이즈,T,,,
,,,,,,,,,,
기아,엑스트렉,엑스트렉,기아,엑스트렉,엑스트렉,에스페로,F,엑스트렉,,
,,,,,,,,,,
기아,포텐샤,뉴포텐샤,기아,포텐샤,뉴포텐샤,뉴포텐샤,T,,,
,,,,,,,,,,
기아,포텐샤,포텐샤,기아,포텐샤,포텐샤,포텐샤,T,,,
,,,,,,,,,,
기아,리오,리오SF,기아,리오,리오SF,리오,F,리오SF,,
,,,,,,,,,,
기아,리오,리오,기아,리오,리오,리오,T,,,
,,,,,,,,,,
기아,비스토,비스토,기아,비스토,비스토,비스토,T,,,
,,,,,,,,,,
기아,비스토,비스토밴,기아,비스토,비스토,비스토,F,비스토,,
,,,,,,,,,,
기아,엘란,엘란,기아,엘란,엘란,엘란,T,,,
,,,,,,,,,,
기아,캐피탈,캐피탈,기아,캐피탈,캐피탈,캐피탈,T,,,
,,,,,,,,,,
기아,크레도스,크레도스2,기아,크레도스,크레도스2,크레도스,F,크레도스2,,
,,,,,,,,,,
기아,크레도스,크레도스,기아,크레도스,크레도스,크레도스,T,,,
,,,,,,,,,,
기아,세피아,세피아2,기아,세피아,세피아2,세피아2,T,,,
,,,,,,,,,,
기아,세피아,세피아,기아,세피아,세피아,세피아,T,,,
,,,,,,,,,,
기아,아벨라,아벨라,기아,아벨라,아벨라,아벨라,T,,,
,,,,,,,,,,
기아,아벨라,아벨라 델타,기아,아벨라,아벨라 델타,아벨라,F,아벨라 델타,,
,,,,,,,,,,
기아,카스타,카스타,기아,카스타,카스타,카스타,T,,,
,,,,,,,,,,
기아,버스(16~25인),코스모스,기아,기타,버스,스타렉스,F,기아,기타,버스
,,,,,,,,,,
기아,버스(16~25인),파워콤비,기아,기타,버스,에쿠스,F,기아,기타,버스
,,,,,,,,,,
기아,버스(16~25인),콤비,기아,기타,버스,콜벳,F,기아,기타,버스
,,,,,,,,,,
한국GM,쉐보레 스파크,더 뉴 스파크,쉐보레(GM대우),스파크,더 뉴 스파크,더 뉴 스파크,T,,,
,,,,,,,,,,
한국GM,쉐보레 스파크,더 뉴 스파크 밴,쉐보레(GM대우),스파크,밴,더 뉴 스파크,F,밴,,
,,,,,,,,,,
한국GM,쉐보레 스파크,더 넥스트 스파크,쉐보레(GM대우),스파크,더 넥스트 스파크,더 넥스트 스파크,T,,,
,,,,,,,,,,
한국GM,쉐보레 스파크,쉐보레 스파크 밴,쉐보레(GM대우),스파크,스파크,더 뉴 스파크,F,스파크,,
,,,,,,,,,,
한국GM,쉐보레 스파크,쉐보레 스파크,쉐보레(GM대우),스파크,스파크,더 뉴 스파크,F,스파크,,
,,,,,,,,,,
한국GM,쉐보레 스파크,더 넥스트 스파크 밴,쉐보레(GM대우),스파크,더 넥스트 스파크,더 넥스트 스파크,F,더 넥스트 스파크,,
,,,,,,,,,,
한국GM,쉐보레 크루즈,올 뉴 크루즈,쉐보레(GM대우),크루즈,올 뉴 크루즈,올 뉴 크루즈,T,,,
,,,,,,,,,,
한국GM,쉐보레 크루즈,어메이징 뉴 크루즈,쉐보레(GM대우),크루즈,어메이징 뉴 크루즈,어메이징 뉴 크루즈,T,,,
,,,,,,,,,,
한국GM,쉐보레 크루즈,어메이징 뉴 크루즈5,쉐보레(GM대우),크루즈,어메이징 뉴 크루즈5,어메이징 뉴 크루즈5,T,,,
,,,,,,,,,,
한국GM,쉐보레 크루즈,쉐보레 크루즈,쉐보레(GM대우),크루즈,크루즈,맥스크루즈,F,크루즈,,
,,,,,,,,,,
한국GM,쉐보레 크루즈,쉐보레 크루즈5,쉐보레(GM대우),크루즈,크루즈5,맥스크루즈,F,크루즈5,,
,,,,,,,,,,
한국GM,쉐보레 말리부,더 뉴 말리부,쉐보레(GM대우),말리부,더 뉴 말리부,더 뉴 말리부,T,,,
,,,,,,,,,,
한국GM,쉐보레 말리부,더 뉴 말리부 하이브리드,쉐보레(GM대우),코나,더 뉴 말리부,더 뉴 코나 하이브리드,F,더 뉴 말리부,,
,,,,,,,,,,
한국GM,쉐보레 말리부,올 뉴 말리부,쉐보레(GM대우),말리부,올 뉴 말리부,올 뉴 말리부,T,,,
,,,,,,,,,,
한국GM,쉐보레 말리부,쉐보레 말리부,쉐보레(GM대우),말리부,말리부,올 뉴 말리부,F,말리부,,
,,,,,,,,,,
한국GM,쉐보레 올란도,쉐보레 올란도,쉐보레(GM대우),올란도,올란도,올란도,F,올란도,,
,,,,,,,,,,
한국GM,마티즈,마티즈 CREATIVE,쉐보레(GM대우),마티즈,마티즈 크리에이티브,마티즈 II,F,마티즈 크리에이티브,,
,,,,,,,,,,
한국GM,마티즈,마티즈 CREATIVE밴,쉐보레(GM대우),마티즈,마티즈 크리에이티브,마티즈 II,F,마티즈 크리에이티브,,
,,,,,,,,,,
한국GM,마티즈,마티즈 클래식,쉐보레(GM대우),마티즈,마티즈 클래식,마티즈 클래식,T,,,
,,,,,,,,,,
한국GM,마티즈,마티즈 클래식밴,쉐보레(GM대우),마티즈,마티즈 클래식,마티즈 클래식,F,마티즈 클래식,,
,,,,,,,,,,
한국GM,마티즈,올뉴마티즈,쉐보레(GM대우),마티즈,All New 마티즈,마티즈,F,All New 마티즈,,
,,,,,,,,,,
한국GM,마티즈,올뉴마티즈밴,쉐보레(GM대우),마티즈,All New 마티즈,마티즈,F,All New 마티즈,,
,,,,,,,,,,
한국GM,마티즈,마티즈2,쉐보레(GM대우),마티즈,마티즈2,마티즈,F,마티즈2,,
,,,,,,,,,,
한국GM,마티즈,마티즈2밴,쉐보레(GM대우),마티즈,마티즈2,마티즈 II,F,마티즈2,,
,,,,,,,,,,
한국GM,마티즈,마티즈,쉐보레(GM대우),마티즈,마티즈,마티즈,T,,,
,,,,,,,,,,
한국GM,마티즈,마티즈밴,쉐보레(GM대우),마티즈,마티즈,마티즈,F,마티즈,,
,,,,,,,,,,
한국GM,쉐보레 트랙스,더 뉴 트랙스,쉐보레(GM대우),트랙스,더 뉴 트랙스,더 뉴 트랙스,T,,,
,,,,,,,,,,
한국GM,쉐보레 트랙스,쉐보레 트랙스,쉐보레(GM대우),트랙스,트랙스,더 뉴 트랙스,F,트랙스,,
,,,,,,,,,,
한국GM,다마스,뉴 다마스 밴,쉐보레(GM대우),다마스,뉴 다마스,뉴 다마스,F,뉴 다마스,,
,,,,,,,,,,
한국GM,다마스,뉴 다마스,쉐보레(GM대우),다마스,뉴 다마스,뉴 다마스,T,,,
,,,,,,,,,,
한국GM,다마스,다마스2 밴,쉐보레(GM대우),다마스,다마스2,다마스 II,F,다마스2,,
,,,,,,,,,,
한국GM,다마스,다마스2,쉐보레(GM대우),다마스,다마스2,다마스,F,다마스2,,
,,,,,,,,,,
한국GM,다마스,다마스 밴,쉐보레(GM대우),다마스,다마스,다마스 II,F,다마스,,
,,,,,,,,,,
한국GM,다마스,다마스,쉐보레(GM대우),다마스,다마스,다마스,T,다마스,,
,,,,,,,,,,
한국GM,라세티,라세티,쉐보레(GM대우),라세티,라세티,라세티,T,,,
,,,,,,,,,,
한국GM,라세티,라세티 프리미어,쉐보레(GM대우),라세티,라세티 프리미어,라세티 프리미어,T,,,
,,,,,,,,,,
한국GM,라보,뉴 라보,쉐보레(GM대우),라보,뉴 라보,뉴 라보,T,,,
,,,,,,,,,,
한국GM,라보,라보,쉐보레(GM대우),라보,라보,라보,T,,,
,,,,,,,,,,
한국GM,윈스톰,윈스톰,쉐보레(GM대우),윈스톰,윈스톰,윈스톰,T,,,
,,,,,,,,,,
한국GM,윈스톰,윈스톰맥스,쉐보레(GM대우),윈스톰,윈스톰 맥스,윈스톰 맥스,T,,,
,,,,,,,,,,
한국GM,쉐보레 캡티바,신형 캡티바,쉐보레(GM대우),캡티바,캡티바,캡티바,F,캡티바,,
,,,,,,,,,,
한국GM,쉐보레 캡티바,쉐보레 캡티바,쉐보레(GM대우),캡티바,캡티바,캡티바,F,캡티바,,
,,,,,,,,,,
한국GM,알페온,알페온,쉐보레(GM대우),알페온,알페온,알페온,T,,,
,,,,,,,,,,
한국GM,쉐보레 아베오,더 뉴 아베오,쉐보레(GM대우),아베오,더 뉴 아베오,더 뉴 아반떼,F,더 뉴 아베오,,
,,,,,,,,,,
한국GM,쉐보레 아베오,쉐보레 아베오,쉐보레(GM대우),아베오,아베오,스타렉스,F,아베오,,
,,,,,,,,,,
한국GM,토스카,토스카,쉐보레(GM대우),토스카,토스카,토스카,T,,,
,,,,,,,,,,
한국GM,토스카,토스카 프리미엄6,쉐보레(GM대우),토스카,토스카 프리미엄6,토스카 프리미엄6,T,,,
,,,,,,,,,,
한국GM,쉐보레 임팔라,임팔라,쉐보레(GM대우),임팔라,임팔라,임팔라,T,,,
,,,,,,,,,,
한국GM,쉐보레 트레일블레이저,트레일블레이저,쉐보레(GM대우),트레일블레이저,트레일블레이저,트레일블레이저,T,,,
,,,,,,,,,,
한국GM,트럭(4.5톤이상),프리마,쉐보레(GM대우),기타,트럭,프린스,F,쉐보레(GM대우)->기타->트럭,,
,,,,,,,,,,
한국GM,트럭(4.5톤이상),노부스,쉐보레(GM대우),기타,트럭,칼로스,F,쉐보레(GM대우)->기타->트럭,,
,,,,,,,,,,
한국GM,트럭(4.5톤이상),대우트럭,쉐보레(GM대우),기타,트럭,엑센트,F,쉐보레(GM대우)->기타->트럭,,
,,,,,,,,,,
한국GM,쉐보레 콜로라도,리얼 뉴 콜로라도,쉐보레(GM대우),콜로라도,리얼 뉴 콜로라도,리얼 뉴 콜로라도,T,,,
,,,,,,,,,,
한국GM,쉐보레 콜로라도,콜로라도,쉐보레(GM대우),콜로라도,콜로라도,콜로라도,T,,,
,,,,,,,,,,
한국GM,젠트라,젠트라,쉐보레(GM대우),젠트라,젠트라,젠트라,T,,,
,,,,,,,,,,
한국GM,젠트라,젠트라X,쉐보레(GM대우),젠트라,젠트라 X,젠트라 X,T,,,
,,,,,,,,,,
한국GM,쉐보레 볼트,쉐보레 볼트 EUV,쉐보레(GM대우),볼트 EV,볼트 EUV,뉴 볼트 EV,F,볼트 EUV,,
,,,,,,,,,,
한국GM,쉐보레 볼트,쉐보레 볼트 EV,쉐보레(GM대우),볼트 EV,볼트 EV,뉴 볼트 EV,F,볼트 EV,,
,,,,,,,,,,
한국GM,쉐보레 볼트,쉐보레 볼트,쉐보레(GM대우),볼트,볼트(Volt),스타렉스,F,볼트(Volt),,
,,,,,,,,,,
한국GM,쉐보레 카마로,더 뉴 카마로,쉐보레(GM대우),카마로,더 뉴 카마로,더 뉴 카마로,T,,,
,,,,,,,,,,
한국GM,쉐보레 카마로,올 뉴 카마로,쉐보레(GM대우),카마로,올 뉴 카마로,올 뉴 카마로,T,,,
,,,,,,,,,,
한국GM,쉐보레 카마로,쉐보레 카마로,쉐보레(GM대우),카마로,카마로,올 뉴 카마로,F,카마로,,
,,,,,,,,,,
한국GM,쉐보레 이쿼녹스,이쿼녹스,쉐보레(GM대우),이쿼녹스,이쿼녹스,이쿼녹스,T,,,
,,,,,,,,,,
한국GM,대우버스,BH,쉐보레(GM대우),기타,버스,K3,F,쉐보레->기타->버스,,
,,,,,,,,,,
한국GM,대우버스,BF,쉐보레(GM대우),기타,버스,K3,F,쉐보레->기타->버스,,
,,,,,,,,,,
한국GM,대우버스,BS,쉐보레(GM대우),기타,버스,K3,F,쉐보레->기타->버스,,
,,,,,,,,,,
한국GM,대우버스,BM,쉐보레(GM대우),기타,버스,K3,F,쉐보레->기타->버스,,
,,,,,,,,,,
한국GM,대우버스,대우버스,쉐보레(GM대우),기타,버스,트래버스,F,쉐보레->기타->버스,,
,,,,,,,,,,
한국GM,대우버스,레스타,쉐보레(GM대우),기타,버스,록스타,F,쉐보레->기타->버스,,
,,,,,,,,,,
한국GM,쉐보레 트래버스,트래버스,쉐보레(GM대우),트래버스,트래버스,트래버스,T,,,
,,,,,,,,,,
한국GM,베리타스,베리타스,쉐보레(GM대우),베리타스,베리타스,베리타스,T,,,
,,,,,,,,,,
한국GM,아카디아,아카디아,쉐보레(GM대우),아카디아,아카디아,아카디아,T,,,
,,,,,,,,,,
한국GM,티코,티코,쉐보레(GM대우),티코,티코,티코,T,,,
,,,,,,,,,,
한국GM,매그너스,매그너스,쉐보레(GM대우),매그너스,매그너스,매그너스,T,,,
,,,,,,,,,,
한국GM,G2X,G2X,쉐보레(GM대우),G2X,G2X,G2X,T,,,
,,,,,,,,,,
한국GM,쉐보레 콜벳,콜벳,쉐보레(GM대우),콜벳,콜벳,콜벳,T,,,
,,,,,,,,,,
한국GM,레조,레조,쉐보레(GM대우),레조,레조,레조,T,,,
,,,,,,,,,,
한국GM,레조,뉴레조,쉐보레(GM대우),레조,레조,레조,F,레조,,
,,,,,,,,,,
한국GM,스테이츠맨,스테이츠맨,쉐보레(GM대우),스테이츠맨,스테이츠맨,스테이츠맨,T,,,
,,,,,,,,,,
한국GM,라노스,라노스,쉐보레(GM대우),라노스,라노스,라노스,T,,,
,,,,,,,,,,
한국GM,라노스,라노스2,쉐보레(GM대우),라노스,라노스2,라노스,F,라노스2,,
,,,,,,,,,,
한국GM,르망,르망,쉐보레(GM대우),르망,르망,르망,T,,,
,,,,,,,,,,
한국GM,브로엄,브로엄,쉐보레(GM대우),브로엄,브로엄,브로엄,T,,,
,,,,,,,,,,
르노삼성,SM5,SM5 노바,르노삼성,SM5,SM5 노바,SM5 노바,T,,,
,,,,,,,,,,
르노삼성,SM5,뉴SM5 플래티넘,르노삼성,SM5,뉴SM5 플래티넘,뉴SM5 플래티넘,T,,,
,,,,,,,,,,
르노삼성,SM5,뉴SM5(신형),르노삼성,SM5,뉴SM5(신형),뉴SM5(신형),T,,,
,,,,,,,,,,
르노삼성,SM5,SM5 뉴임프레션,르노삼성,SM5,SM5 뉴 임프레션,SM5 뉴 임프레션,T,,,
,,,,,,,,,,
르노삼성,SM5,뉴SM5,르노삼성,SM5,뉴SM5,뉴SM5,T,,,
,,,,,,,,,,
르노삼성,SM5,SM5,르노삼성,SM5,SM5,SM5,T,,,
,,,,,,,,,,
르노삼성,SM3,SM3 네오,르노삼성,SM3,SM3 네오,SM3 네오,T,,,
,,,,,,,,,,
르노삼성,SM3,SM3 Z.E.,르노삼성,SM3,SM3 Z.E.,SM3 Z.E.,T,,,
,,,,,,,,,,
르노삼성,SM3,뉴SM3,르노삼성,SM3,뉴SM3,뉴SM3,T,,,
,,,,,,,,,,
르노삼성,SM3,SM3 뉴제너레이션,르노삼성,SM3,SM3 뉴 제너레이션,SM3 뉴 제너레이션,T,,SM3 뉴제너레이션,SM3 뉴 제너레이션
,,,,,,,,,T,
르노삼성,SM3,SM3,르노삼성,SM3,SM3,SM3,T,,,
,,,,,,,,,,
르노삼성,SM7,ALL New SM7 노바,르노삼성,SM7,SM7 노바,All New SM7,F,SM7 노바,,
,,,,,,,,,,
르노삼성,SM7,All New SM7,르노삼성,SM7,All New SM7,All New SM7,T,,,
,,,,,,,,,,
르노삼성,SM7,SM7 뉴아트,르노삼성,SM7,SM7 New Art,SM7 노바,F,SM7 New Art,,
,,,,,,,,,,
르노삼성,SM7,SM7,르노삼성,SM7,SM7,SM7,T,,,
,,,,,,,,,,
르노삼성,SM6,The New SM6,르노삼성,SM6,더 뉴 SM6,All New SM7,F,더 뉴 SM6,,
,,,,,,,,,,
르노삼성,SM6,SM6,르노삼성,SM6,SM6,SM6,T,,,
,,,,,,,,,,
르노삼성,QM6,뉴 QM6,르노삼성,QM6,뉴 QM6,뉴QM3,F,뉴 QM6,,
,,,,,,,,,,
르노삼성,QM6,더 뉴 QM6,르노삼성,QM6,더 뉴 QM6,더 뉴 QM6,T,,,
,,,,,,,,,,
르노삼성,QM6,QM6,르노삼성,QM6,QM6,QM6,T,,,
,,,,,,,,,,
르노삼성,QM3,New QM3,르노삼성,QM3,뉴QM3,QM3,F,뉴QM3,,
,,,,,,,,,,
르노삼성,QM3,QM3,르노삼성,QM3,QM3,QM3,T,,,
,,,,,,,,,,
르노삼성,QM5,QM5 NEO,르노삼성,QM5,QM5 네오,QM5,F,QM5 네오,,
,,,,,,,,,,
르노삼성,QM5,뉴QM5,르노삼성,QM5,뉴QM5,뉴QM5,T,,,
,,,,,,,,,,
르노삼성,QM5,QM5,르노삼성,QM5,QM5,QM5,T,,,
,,,,,,,,,,
르노삼성,XM3,XM3,르노삼성,XM3,XM3,XM3,T,,,
,,,,,,,,,,
르노삼성,클리오,클리오,르노삼성,클리오,클리오,클리오,T,,,
,,,,,,,,,,
르노삼성,마스터,뉴 마스터 버스,르노삼성,마스터,뉴 마스터,벨로스터 (JS),F,뉴 마스터,,
,,,,,,,,,,
르노삼성,마스터,뉴 마스터 밴,르노삼성,마스터,뉴 마스터,다마스 II,F,뉴 마스터,,
,,,,,,,,,,
르노삼성,마스터,마스터 버스,르노삼성,마스터,마스터,윈스톰 맥스,F,마스터,,
,,,,,,,,,,
르노삼성,마스터,마스터 밴,르노삼성,마스터,마스터,마스터,F,마스터,,
,,,,,,,,,,
르노삼성,트위지,트위지,르노삼성,트위지,트위지,트위지,T,,,
,,,,,,,,,,
르노삼성,캡처,캡처,르노삼성,캡처,캡처,캡처,T,,,
,,,,,,,,,,
르노삼성,조에,조에,르노삼성,조에,조에,조에,T,,,
,,,,,,,,,,
쌍용,코란도,뷰티플 코란도,쌍용,코란도,뷰티풀 코란도,뷰티풀 코란도,F,뷰티풀 코란도,,
,,,,,,,,,,
쌍용,코란도,뉴 스타일 코란도 C,쌍용,코란도,뉴 스타일 코란도 C,뉴 스타일 코란도 C,T,,,
,,,,,,,,,,
쌍용,코란도,더 뉴 코란도 스포츠,쌍용,코란도,더 뉴 코란도 스포츠,더 뉴 코란도 스포츠,T,,,
,,,,,,,,,,
쌍용,코란도,뉴코란도 C,쌍용,코란도,뉴코란도 C,뉴코란도 C,T,,,
,,,,,,,,,,
쌍용,코란도,코란도C,쌍용,코란도,코란도 C,코란도 C,T,,,
,,,,,,,,,,
쌍용,코란도,코란도 스포츠,쌍용,코란도,코란도 스포츠,코란도 스포츠,T,,,
,,,,,,,,,,
쌍용,코란도,코란도 투리스모,쌍용,코란도,코란도 투리스모,코란도 투리스모,T,,,
,,,,,,,,,,
쌍용,코란도,뉴코란도밴,쌍용,코란도,뉴코란도,뉴코란도 C,F,뉴코란도,,
,,,,,,,,,,
쌍용,코란도,뉴코란도,쌍용,코란도,뉴코란도,뉴코란도,T,,,
,,,,,,,,,,
쌍용,코란도,코란도훼미리,쌍용,코란도,코란도 훼미리,코란도 훼미리,T,,,
,,,,,,,,,,
쌍용,코란도,훼미리밴,쌍용,코란도,코란도 훼미리,뉴훼미리,F,코란도 훼미리,,
,,,,,,,,,,
쌍용,코란도,코란도 지프,쌍용,코란도,코란도 지프,코란도 지프,T,,,
,,,,,,,,,,
쌍용,코란도,뉴훼미리,쌍용,코란도,뉴훼미리,뉴훼미리,T,???,,
,,,,,,,,,,
쌍용,코란도,코란도밴,쌍용,코란도,코란도 C,코란도 C,F,코란도 C,,
,,,,,,,,,,
쌍용,티볼리,티볼리 에어(X150),쌍용,티볼리,티볼리 에어,티볼리 에어,F,티볼리 에어,,
,,,,,,,,,,
쌍용,티볼리,베리 뉴 티볼리,쌍용,티볼리,베리 뉴 티볼리,베리 뉴 티볼리,T,,,
,,,,,,,,,,
쌍용,티볼리,티볼리 아머,쌍용,티볼리,티볼리 아머,티볼리 아머,T,,,
,,,,,,,,,,
쌍용,티볼리,티볼리 에어,쌍용,티볼리,티볼리 에어,티볼리 에어,T,,,
,,,,,,,,,,
쌍용,티볼리,티볼리,쌍용,티볼리,티볼리,티볼리,T,,,
,,,,,,,,,,
쌍용,렉스턴,더 뉴 렉스턴 스포츠,쌍용,렉스턴,더 뉴 렉스턴 스포츠,더 뉴 렉스턴 스포츠,T,,,
,,,,,,,,,,
쌍용,렉스턴,뉴 렉스턴 스포츠 칸,쌍용,렉스턴,더 뉴 렉스턴 스포츠 칸,렉스턴 스포츠 칸,F,더 뉴 렉스턴 스포츠 칸,,
,,,,,,,,,,
쌍용,렉스턴,올 뉴 렉스턴,쌍용,렉스턴,올 뉴 렉스턴,올 뉴 렉스턴,T,,,
,,,,,,,,,,
쌍용,렉스턴,G4 렉스턴,쌍용,렉스턴,G4 렉스턴,G4 렉스턴,T,,,
,,,,,,,,,,
쌍용,렉스턴,렉스턴 스포츠 칸,쌍용,렉스턴,렉스턴 스포츠 칸,렉스턴 스포츠 칸,T,,,
,,,,,,,,,,
쌍용,렉스턴,렉스턴 스포츠,쌍용,렉스턴,렉스턴 스포츠,렉스턴 스포츠,T,,,
,,,,,,,,,,
쌍용,렉스턴,렉스턴W,쌍용,렉스턴,렉스턴 W,렉스턴 W,T,,,
,,,,,,,,,,
쌍용,렉스턴,슈퍼렉스턴,쌍용,렉스턴,슈퍼 렉스턴,슈퍼 렉스턴,T,,,
,,,,,,,,,,
쌍용,렉스턴,렉스턴2,쌍용,렉스턴,렉스턴2,렉스턴,F,렉스턴2,,
,,,,,,,,,,
쌍용,렉스턴,뉴렉스턴,쌍용,렉스턴,뉴렉스턴,뉴렉스턴,T,,,
,,,,,,,,,,
쌍용,렉스턴,렉스턴,쌍용,렉스턴,렉스턴,렉스턴,T,,,
,,,,,,,,,,
쌍용,체어맨,뉴체어맨W,쌍용,체어맨,뉴체어맨 W,뉴체어맨 W,T,,,
,,,,,,,,,,
쌍용,체어맨,체어맨W,쌍용,체어맨,체어맨 W,체어맨 W,T,,,
,,,,,,,,,,
쌍용,체어맨,체어맨H 뉴클래식,쌍용,체어맨,체어맨 H 뉴 클래식,체어맨 H 뉴 클래식,T,,,
,,,,,,,,,,
쌍용,체어맨,체어맨H,쌍용,체어맨,체어맨 H,체어맨 H,T,,,
,,,,,,,,,,
쌍용,체어맨,뉴체어맨,쌍용,체어맨,뉴체어맨,뉴체어맨,T,,,
,,,,,,,,,,
쌍용,체어맨,체어맨,쌍용,체어맨,체어맨,체어맨,T,,,
,,,,,,,,,,
쌍용,액티언,액티언,쌍용,액티언,액티언,액티언,T,,,
,,,,,,,,,,
쌍용,액티언,액티언스포츠,쌍용,액티언,액티언 스포츠,액티언 스포츠,T,,,
,,,,,,,,,,
쌍용,로디우스,로디우스 유로,쌍용,로디우스,로디우스 유로,로디우스 유로,T,,,
,,,,,,,,,,
쌍용,로디우스,뉴로디우스,쌍용,로디우스,뉴로디우스,뉴로디우스,T,,,
,,,,,,,,,,
쌍용,로디우스,로디우스,쌍용,로디우스,로디우스,로디우스,T,,,
,,,,,,,,,,
쌍용,카이런,뉴카이런,쌍용,카이런,뉴카이런,뉴카이런,T,,,
,,,,,,,,,,
쌍용,카이런,카이런,쌍용,카이런,카이런,카이런,T,,,
,,,,,,,,,,
쌍용,무쏘,무쏘스포츠,쌍용,무쏘,무쏘 스포츠,무쏘 스포츠,T,,,
,,,,,,,,,,
쌍용,무쏘,뉴무쏘,쌍용,무쏘,뉴무쏘,뉴무쏘,T,,,
,,,,,,,,,,
쌍용,무쏘,뉴무쏘밴,쌍용,무쏘,뉴무쏘,뉴무쏘,F,뉴무쏘,,
,,,,,,,,,,
쌍용,무쏘,무쏘,쌍용,무쏘,무쏘,무쏘,T,,,
,,,,,,,,,,
쌍용,무쏘,무쏘밴,쌍용,무쏘,무쏘,무쏘,F,무쏘,,
,,,,,,,,,,
쌍용,이스타나,이스타나,쌍용,이스타나,이스타나,이스타나,T,,,
,,,,,,,,,,
쌍용,기타,렉카,쌍용,기타,렉카,레이,F,쌍용 -> 기타 -> 렉카,,
,,,,,,,,,,
기타,승용차,스마트EV,기타,기타,승용차,스펙트라,F,기타 -> 승용차,,기타분류
,,,,,,,,,,승용차
기타,승용차,대창모터스 전기차,기타,기타,승용차,다마스 II,F,,,트레일러
,,,,,,,,,,트럭
기타,승용차,캠시스,기타,기타,승용차,카렌스,F,,,굴삭기
,,,,,,,,,,버스
기타,승용차,MASTA,기타,기타,승용차,뉴SM3,F,,,
,,,,,,,,,,
기타,트레일러,대한 트레일러,기타,기타,트레일러,뉴 그랜저,F,기타 -> 트레일러,,
,,,,,,,,,,
기타,트레일러,동우 트레일러,기타,기타,트레일러,뉴 그랜저,F,,,
,,,,,,,,,,
기타,트레일러,두성 트레일러,기타,기타,트레일러,뉴 그랜저,F,,,
,,,,,,,,,,
기타,트레일러,알텍 트레일러,기타,기타,트레일러,뉴 그랜저,F,,,
,,,,,,,,,,
기타,트레일러,우주 트레일러,기타,기타,트레일러,뉴 그랜저,F,,,
,,,,,,,,,,
기타,트레일러,명성 트레일러,기타,기타,트레일러,뉴 그랜저,F,,,
,,,,,,,,,,
기타,트레일러,한특 트레일러,기타,기타,트레일러,뉴 그랜저,F,,,
,,,,,,,,,,
기타,트레일러,미래 트레일러,기타,기타,트레일러,뉴 그랜저,F,,,
,,,,,,,,,,
기타,트레일러,태영 트레일러,기타,기타,트레일러,뉴 그랜저,F,,,
,,,,,,,,,,
기타,트레일러,인정 트레일러,기타,기타,트레일러,뉴 그랜저,F,,,
,,,,,,,,,,
기타,트레일러,트레일러,기타,기타,트레일러,그레이스,F,,,
,,,,,,,,,,
기타,트럭(4.5톤이상),해광트럭,기타,기타,트럭,엑센트,F,기타 -> 트럭,,
,,,,,,,,,,
기타,트럭(4.5톤이상),광림트럭,기타,기타,트럭,엘란트라,F,,,
,,,,,,,,,,
기타,트럭(4.5톤이상),인정트럭,기타,기타,트럭,젠트라,F,,,
,,,,,,,,,,
기타,트럭(4.5톤이상),한국특장,기타,기타,트럭,그랜저,F,,,
,,,,,,,,,,
기타,트럭(4.5톤이상),DAMAG 트럭,기타,기타,트럭,i40 살룬,F,,,
,,,,,,,,,,
기타,굴삭기,현대(상용)굴삭기,기타,기타,굴삭기,뉴 엑센트,F,기타 -> 굴삭기,,
,,,,,,,,,,
기타,굴삭기,삼성(상용)굴삭기,기타,기타,굴삭기,뉴 엑센트,F,,,
,,,,,,,,,,
기타,굴삭기,볼보(상용)굴삭기,기타,기타,굴삭기,볼트(Volt),F,,,
,,,,,,,,,,
기타,굴삭기,고마쓰 굴삭기,기타,기타,굴삭기,마르샤,F,,,
,,,,,,,,,,
기타,굴삭기,두산 굴삭기,기타,기타,굴삭기,i40 살룬,F,,,
,,,,,,,,,,
기타,굴삭기,캐터필러 굴삭기,기타,기타,굴삭기,캐피탈,F,,,
,,,,,,,,,,
기타,굴삭기,YANMAR 굴삭기,기타,기타,굴삭기,i40 살룬,F,,,
,,,,,,,,,,
기타,버스,버스,기타,기타,버스,무쏘,F,기타 -> 버스,,
