제조사,모델,세부모델,제조사,모델,,세부모델,,,
,,,,,,,,,
현대,i30,i30(신형),현대,i30,i30(신형),i30(신형),,T,
,,,,,0,,,,
현대,i30,i30,현대,i30,i30,i30,,T,
,,,,,0,,,,
현대,i30,i30 (PD),현대,i30,i30 (PD),i30 (PD),,T,
,,,,,0,,,,
현대,i30,더 뉴 i30,현대,i30,더 뉴 i30,더 뉴 i30,,T,
,,,,,0,,,,
현대,i30,i30 cw,현대,i30,i30 cw,i30 cw,,T,
,,,,,0,,,,
현대,i40,i40 살룬,현대,i40,i40 살룬,i40 살룬,,T,
,,,,,0,,,,
현대,i40,i40,현대,i40,i40,i40,,T,
,,,,,0,,,,
현대,i40,더 뉴 i40 살룬,현대,i40,더 뉴 i40 살룬,더 뉴 i40 살룬,,T,
,,,,,0,,,,
현대,i40,더 뉴 i40,현대,i40,더 뉴 i40,더 뉴 i40,,T,
,,,,,0,,,,
현대,갤로퍼,갤로퍼 2,현대,갤로퍼,갤로퍼 2,갤로퍼 2,,T,
,,,,,0,,,,
현대,갤로퍼,갤로퍼,현대,갤로퍼,갤로퍼,갤로퍼,,T,
,,,,,0,,,,
현대,그라나다,그라나다,현대,그라나다,그라나다,그라나다,,T,
,,,,,0,,,,
현대,그랜저,그랜저 HG,현대,그랜저,그랜저 HG,그랜저 HG,,T,
,,,,,0,,,,
현대,그랜저,그랜저 IG,현대,그랜저,그랜저 IG,그랜저 IG,,T,
,,,,,0,,,,
현대,그랜저,더 뉴 그랜저 IG,현대,그랜저,더 뉴 그랜저,더 뉴 그랜저,,F,
,,,,,0,,,,
현대,그랜저,그랜저 TG,현대,그랜저,그랜저 TG,그랜저 TG,,T,
,,,,,0,,,,
현대,그랜저,그랜저 뉴 럭셔리,현대,그랜저,그랜저 뉴 럭셔리,그랜저 뉴 럭셔리,,T,
,,,,,0,,,,
현대,그랜저,더 뉴 그랜저 IG 하이브리드,현대,그랜저,더 뉴 그랜저 하이브리드,더 뉴 그랜저 하이브리드,,F,
,,,,,0,,,,
현대,그랜저,그랜저 IG 하이브리드,현대,그랜저,그랜저 IG 하이브리드,그랜저 IG 하이브리드,,T,
,,,,,0,,,,
현대,그랜저,더 럭셔리 그랜저,현대,그랜저,더 럭셔리 그랜저,더 럭셔리 그랜저,,T,
,,,,,0,,,,
현대,그랜저,그랜저 HG 하이브리드,현대,그랜저,그랜저 HG 하이브리드,그랜저 HG 하이브리드,,T,
,,,,,0,,,,
현대,그랜저,그랜저,현대,그랜저,그랜저,그랜저,,T,
,,,,,0,,,,
현대,그랜저,뉴 그랜저 XG,현대,그랜저,뉴 그랜저 XG,뉴 그랜저 XG,,T,
,,,,,0,,,,
현대,그랜저,뉴 그랜저,현대,그랜저,뉴 그랜저,뉴 그랜저,,T,
,,,,,0,,,,
현대,그랜저,그랜저 XG,현대,그랜저,그랜저 XG,그랜저 XG,,T,
,,,,,0,,,,
현대,그레이스,뉴그레이스,현대,그레이스,뉴그레이스,뉴그레이스,,T,
,,,,,0,,,,
현대,그레이스,그레이스,현대,그레이스,그레이스,그레이스,,T,
,,,,,0,,,,
현대,넥쏘,넥쏘,현대,넥쏘,넥쏘,넥쏘,,T,
,,,,,0,,,,
현대,다이너스티,다이너스티,현대,다이너스티,다이너스티,다이너스티,,T,
,,,,,0,,,,
현대,라비타,라비타,현대,라비타,라비타,라비타,,T,
,,,,,0,,,,
현대,마르샤,마르샤,현대,마르샤,마르샤,마르샤,,T,
,,,,,0,,,,
현대,맥스크루즈,더 뉴 맥스크루즈,현대,맥스크루즈,더 뉴 맥스크루즈,더 뉴 맥스크루즈,,T,
,,,,,0,,,,
현대,맥스크루즈,맥스크루즈,현대,맥스크루즈,맥스크루즈,맥스크루즈,,T,
,,,,,0,,,,
현대,베뉴,베뉴,현대,베뉴,베뉴,베뉴,,T,
,,,,,0,,,,
현대,베라크루즈,베라크루즈,현대,베라크루즈,베라크루즈,베라크루즈,,T,
,,,,,0,,,,
현대,베르나,베르나(신형),현대,베르나,베르나(신형),베르나(신형),,T,
,,,,,0,,,,
현대,베르나,베르나 트랜스폼,현대,베르나,베르나 트랜스폼,베르나 트랜스폼,,T,
,,,,,0,,,,
현대,베르나,New 베르나,현대,베르나,뉴 베르나,뉴 베르나,,F,
,,,,,0,,,,
현대,베르나,베르나,현대,베르나,베르나,베르나,,T,
,,,,,0,,,,
현대,벨로스터,벨로스터 (JS),현대,벨로스터,벨로스터 (JS),벨로스터 (JS),,T,
,,,,,0,,,,
현대,벨로스터,벨로스터,현대,벨로스터,벨로스터,벨로스터,,T,
,,,,,0,,,,
현대,벨로스터,더 뉴 벨로스터,현대,벨로스터,더 뉴 벨로스터,더 뉴 벨로스터,,T,
,,,,,0,,,,
현대,블루온,블루온,현대,블루온,블루온,블루온,,T,
,,,,,0,,,,
현대,산타모,산타모,현대,산타모,산타모,산타모,,T,
,,,,,0,,,,
현대,스쿠프,스쿠프,현대,스쿠프,스쿠프,스쿠프,,T,
,,,,,0,,,,
현대,스타렉스,그랜드 스타렉스,현대,스타렉스,그랜드 스타렉스,그랜드 스타렉스,,T,
,,,,,0,,,,
현대,스타렉스,더 뉴 그랜드 스타렉스,현대,스타렉스,더 뉴 그랜드 스타렉스,더 뉴 그랜드 스타렉스,,T,
,,,,,0,,,,
현대,스타렉스,스타렉스 점보,현대,스타렉스,스타렉스 점보,스타렉스 점보,,T,
,,,,,0,,,,
현대,스타렉스,스타렉스,현대,스타렉스,스타렉스,스타렉스,,T,
,,,,,0,,,,
현대,스타리아,스타리아,현대,스타리아,스타리아,스타리아,,T,
,,,,,0,,,,
현대,스텔라,스텔라,현대,스텔라,스텔라,스텔라,,T,
,,,,,0,,,,
현대,싼타페,싼타페 더 프라임,현대,싼타페,싼타페 더 프라임,싼타페 더 프라임,,T,
,,,,,0,,,,
현대,싼타페,싼타페 TM,현대,싼타페,싼타페 TM,싼타페 TM,,T,
,,,,,0,,,,
현대,싼타페,싼타페 DM,현대,싼타페,싼타페 DM,싼타페 DM,,T,
,,,,,0,,,,
현대,싼타페,싼타페 CM,현대,싼타페,싼타페 CM,싼타페 CM,,T,
,,,,,0,,,,
현대,싼타페,더 뉴 싼타페,현대,싼타페,더 뉴 싼타페,더 뉴 싼타페,,T,
,,,,,0,,,,
현대,싼타페,싼타페,현대,싼타페,싼타페,싼타페,,T,
,,,,,0,,,,
현대,쏘나타,LF 쏘나타,현대,쏘나타,LF 쏘나타,LF 쏘나타,,T,
,,,,,0,,,,
현대,쏘나타,쏘나타 뉴 라이즈,현대,쏘나타,쏘나타 뉴 라이즈,쏘나타 뉴 라이즈,,T,
,,,,,0,,,,
현대,쏘나타,YF 쏘나타,현대,쏘나타,YF 쏘나타,YF 쏘나타,,T,
,,,,,0,,,,
현대,쏘나타,쏘나타 (DN8),현대,쏘나타,쏘나타 (DN8),쏘나타 (DN8),,T,
,,,,,0,,,,
현대,쏘나타,쏘나타 더 브릴리언트,현대,쏘나타,쏘나타 더 브릴리언트,쏘나타 더 브릴리언트,,T,
,,,,,0,,,,
현대,쏘나타,NF 쏘나타 트랜스폼,현대,쏘나타,NF 쏘나타 트랜스폼,NF 쏘나타 트랜스폼,,T,
,,,,,0,,,,
현대,쏘나타,NF 쏘나타,현대,쏘나타,NF 쏘나타,NF 쏘나타,,T,
,,,,,0,,,,
현대,쏘나타,쏘나타 하이브리드,현대,쏘나타,쏘나타 하이브리드,쏘나타 하이브리드,,T,
,,,,,0,,,,
현대,쏘나타,LF 쏘나타 하이브리드,현대,쏘나타,LF 쏘나타 하이브리드,LF 쏘나타 하이브리드,,T,
,,,,,0,,,,
현대,쏘나타,쏘나타 하이브리드 (DN8),현대,쏘나타,쏘나타 하이브리드 (DN8),쏘나타 하이브리드 (DN8),,T,
,,,,,0,,,,
현대,쏘나타,쏘나타 뉴 라이즈 하이브리드,현대,쏘나타,쏘나타 뉴 라이즈 하이브리드,쏘나타 뉴 라이즈 하이브리드,,T,
,,,,,0,,,,
현대,쏘나타,뉴 EF 쏘나타,현대,쏘나타,뉴 EF 쏘나타,뉴 EF 쏘나타,,T,
,,,,,0,,,,
현대,쏘나타,쏘나타 III,현대,쏘나타,쏘나타3,쏘나타3,,F,
,,,,,0,,,,
현대,쏘나타,쏘나타 II,현대,쏘나타,쏘나타2,쏘나타3,,F,쏘나타2
,,,,,0,,,,
현대,쏘나타,쏘나타,현대,쏘나타,쏘나타,쏘나타,,T,
,,,,,0,,,,
현대,쏘나타,EF 쏘나타,현대,쏘나타,EF 쏘나타,EF 쏘나타,,T,
,,,,,0,,,,
현대,쏠라티,쏠라티,현대,쏠라티,쏠라티,쏠라티,,T,
,,,,,0,,,,
현대,아반떼,아반떼 AD,현대,아반떼,아반떼 AD,아반떼 AD,,T,
,,,,,0,,,,
현대,아반떼,아반떼 MD,현대,아반떼,아반떼 MD,아반떼 MD,,T,
,,,,,0,,,,
현대,아반떼,더 뉴 아반떼,현대,아반떼,더 뉴 아반떼,더 뉴 아반떼,,T,
,,,,,0,,,,
현대,아반떼,더 뉴 아반떼 AD,현대,아반떼,더 뉴 아반떼 AD,더 뉴 아반떼 AD,,T,
,,,,,0,,,,
현대,아반떼,아반떼 HD,현대,아반떼,아반떼 HD,아반떼 HD,,T,
,,,,,0,,,,
현대,아반떼,아반떼 (CN7),현대,아반떼,아반떼 (CN7),아반떼 (CN7),,T,
,,,,,0,,,,
현대,아반떼,뉴 아반떼 XD,현대,아반떼,뉴 아반떼 XD,뉴 아반떼 XD,,T,
,,,,,0,,,,
현대,아반떼,아반떼 하이브리드,현대,아반떼,아반떼 하이브리드,아반떼 하이브리드,,T,
,,,,,0,,,,
현대,아반떼,아반떼 하이브리드 (CN7),현대,아반떼,올 뉴 아반떼 하이브리드 (CN7),아반떼 하이브리드,,F,올 뉴 아반떼 하이브리드 (CN7)
,,,,,0,,,,
현대,아반떼,아반떼 쿠페,현대,아반떼,아반떼 쿠페,아반떼 쿠페,,T,
,,,,,0,,,,
현대,아반떼,아반떼 XD,현대,아반떼,아반떼 XD,아반떼 XD,,T,
,,,,,0,,,,
현대,아반떼,올 뉴 아반떼,현대,아반떼,올 뉴 아반떼,올 뉴 아반떼,,T,
,,,,,0,,,,
현대,아반떼,아반떼,현대,아반떼,아반떼,아반떼,,T,
,,,,,0,,,,
현대,아슬란,아슬란,현대,아슬란,아슬란,아슬란,,T,
,,,,,0,,,,
현대,아이오닉,아이오닉 하이브리드,현대,아이오닉,아이오닉 하이브리드,아이오닉 하이브리드,,T,
,,,,,0,,,,
현대,아이오닉,아이오닉 일렉트릭,현대,아이오닉,아이오닉 일렉트릭,아이오닉 일렉트릭,,T,
,,,,,0,,,,
현대,아이오닉,더 뉴 아이오닉 하이브리드,현대,아이오닉,더 뉴 아이오닉 하이브리드,더 뉴 아이오닉 하이브리드,,T,
,,,,,0,,,,
현대,아이오닉,더 뉴 아이오닉 일렉트릭,현대,아이오닉,더 뉴 아이오닉 일렉트릭,더 뉴 아이오닉 일렉트릭,,T,
,,,,,0,,,,
현대,아이오닉5,아이오닉5,현대,아이오닉5,아이오닉5,아이오닉5,,T,
,,,,,0,,,,
현대,아토스,아토스,현대,아토스,아토스,아토스,,T,
,,,,,0,,,,
현대,에쿠스,에쿠스(신형),현대,에쿠스,에쿠스(신형),에쿠스(신형),,T,
,,,,,0,,,,
현대,에쿠스,에쿠스,현대,에쿠스,에쿠스,에쿠스,,T,
,,,,,0,,,,
현대,엑센트,엑센트(신형),현대,엑센트,엑센트(신형),엑센트(신형),,T,
,,,,,0,,,,
현대,엑센트,엑센트,현대,엑센트,엑센트,엑센트,,T,
,,,,,0,,,,
현대,엑센트,뉴 엑센트,현대,엑센트,뉴 엑센트,뉴 엑센트,,T,
,,,,,0,,,,
현대,엑셀,엑셀,현대,엑셀,엑셀,엑셀,,T,
,,,,,0,,,,
현대,엘란트라,뉴엘란트라,현대,엘란트라,뉴엘란트라,뉴엘란트라,,T,
,,,,,0,,,,
현대,엘란트라,엘란트라,현대,엘란트라,엘란트라,엘란트라,,T,
,,,,,0,,,,
현대,제네시스,제네시스 DH,현대,제네시스,제네시스 DH,제네시스 DH,,T,
,,,,,0,,,,
현대,제네시스,제네시스,현대,제네시스,제네시스,제네시스,,T,
,,,,,0,,,,
현대,제네시스,제네시스 쿠페,현대,제네시스,제네시스 쿠페,제네시스 쿠페,,T,
,,,,,0,,,,
현대,제네시스,더 뉴 제네시스 쿠페,현대,제네시스,더 뉴 제네시스 쿠페,더 뉴 제네시스 쿠페,,T,
,,,,,0,,,,
현대,캐스퍼,캐스퍼,현대,캐스퍼,캐스퍼,캐스퍼,,T,
,,,,,0,,,,
현대,코나,코나,현대,코나,코나,코나,,T,
,,,,,0,,,,
현대,코나,코나 일렉트릭,현대,코나,코나 일렉트릭,코나 일렉트릭,,T,
,,,,,0,,,,
현대,코나,더 뉴 코나,현대,코나,더 뉴 코나,더 뉴 코나,,T,
,,,,,0,,,,
현대,코나,코나 하이브리드,현대,코나,코나 하이브리드,코나 하이브리드,,T,
,,,,,0,,,,
현대,코나,더 뉴 코나 하이브리드,현대,코나,더 뉴 코나 하이브리드,더 뉴 코나 하이브리드,,T,
,,,,,0,,,,
현대,코티나,코티나,현대,코티나,코티나,코티나,,T,
,,,,,0,,,,
현대,클릭,뉴 클릭,현대,클릭,뉴 클릭,뉴 클릭,,T,
,,,,,0,,,,
현대,클릭,클릭,현대,클릭,클릭,클릭,,T,
,,,,,0,,,,
현대,클릭,클릭 하이브리드,현대,클릭,클릭 하이브리드,클릭 하이브리드,,T,
,,,,,0,,,,
현대,테라칸,테라칸,현대,테라칸,테라칸,테라칸,,T,
,,,,,0,,,,
현대,투스카니,투스카니(신형),현대,투스카니,투스카니(신형),투스카니(신형),,T,
,,,,,0,,,,
현대,투스카니,투스카니,현대,투스카니,투스카니,투스카니,,T,
,,,,,0,,,,
현대,투싼,올 뉴 투싼,현대,투싼,올 뉴 투싼,올 뉴 투싼,,T,
,,,,,0,,,,
현대,투싼,투싼 ix,현대,투싼,투싼 ix,투싼 ix,,T,
,,,,,0,,,,
현대,투싼,뉴 투싼 ix,현대,투싼,뉴 투싼 ix,뉴 투싼 ix,,T,
,,,,,0,,,,
현대,투싼,투싼,현대,투싼,투싼,투싼,,T,
,,,,,0,,,,
현대,투싼,투싼 (NX4),현대,투싼,디 올 뉴 투싼 (NX4),투싼 ix,,F,디 올 뉴 투싼 (NX4)
,,,,,0,,,,
현대,투싼,투싼 하이브리드 (NX4),현대,투싼,디 올 뉴 투싼 하이브리드 (NX4),쏘나타 하이브리드 (DN8),,F,디 올 뉴 투싼 하이브리드 (NX4)
,,,,,0,,,,
현대,트라제 XG,트라제 XG,현대,트라제 XG,트라제 XG,트라제 XG,,T,
,,,,,0,,,,
현대,티뷰론,티뷰론,현대,티뷰론,티뷰론,티뷰론,,T,
,,,,,0,,,,
현대,팰리세이드,팰리세이드,현대,팰리세이드,팰리세이드,팰리세이드,,T,
,,,,,0,,,,
현대,포니,포니투,현대,포니,포니2,포니2,,F,
,,,,,0,,,,
현대,포니,포니,현대,포니,포니,포니,,T,
,,,,,0,,,,
현대,프레스토,프레스토,현대,프레스토,프레스토,프레스토,,T,
,,,,,0,,,,
제네시스,EQ900,EQ900,제네시스,EQ900,EQ900,EQ900,,T,
,,,,,0,,,,
제네시스,G70,G70,제네시스,G70,G70,G70,,T,
,,,,,0,,,,
제네시스,G70,더 뉴 G70,제네시스,G70,더 뉴 G70,더 뉴 G70,,T,
,,,,,0,,,,
제네시스,G80,G80,제네시스,G80,G80,G80,,T,
,,,,,0,,,,
제네시스,G80,G80 (RG3),제네시스,G80,G80 (RG3),G80 (RG3),,T,
,,,,,0,,,,
제네시스,G80,일렉트리파이드 G80 (RG3),제네시스,G80,일렉트리파이드 G80 (RG3),일렉트리파이드 G80 (RG3),,T,
,,,,,0,,,,
제네시스,G90,G90,제네시스,G90,G90,G90,,T,
,,,,,0,,,,
제네시스,GV60,GV60,제네시스,GV60,GV60,GV60,,T,
,,,,,0,,,,
제네시스,GV70,GV70,제네시스,GV70,GV70,GV70,,T,
,,,,,0,,,,
제네시스,GV80,GV80,제네시스,GV80,GV80,GV80,,T,
,,,,,0,,,,
기아,EV6,EV6,기아,EV6,EV6,EV6,,T,
,,,,,0,,,,
기아,K3,올 뉴 K3,기아,K3,올 뉴 K3,올 뉴 K3,,T,
,,,,,0,,,,
기아,K3,K3,기아,K3,K3,K3,,T,
,,,,,0,,,,
기아,K3,더 뉴 K3,기아,K3,더 뉴 K3,더 뉴 K3,,T,
,,,,,0,,,,
기아,K3,더 뉴 K3 2세대,기아,K3,더 뉴 K3 2세대,더 뉴 K3 2세대,,T,
,,,,,0,,,,
기아,K3,K3 쿱,기아,K3,K3 쿱,K3 쿱,,T,
,,,,,0,,,,
기아,K3,더 뉴 K3 쿱,기아,K3,더 뉴 K3 쿱,더 뉴 K3 쿱,,T,
,,,,,0,,,,
기아,K3,K3 유로,기아,K3,K3 유로,K3 유로,,T,
,,,,,0,,,,
기아,K3,더 뉴 K3 유로,기아,K3,더 뉴 K3 유로,더 뉴 K3 유로,,T,
,,,,,0,,,,
기아,K5,K5,기아,K5,K5,K5,,T,
,,,,,0,,,,
기아,K5,K5 2세대,기아,K5,K5 2세대,K5 2세대,,T,
,,,,,0,,,,
기아,K5,더 뉴 K5,기아,K5,더 뉴 K5,더 뉴 K5,,T,
,,,,,0,,,,
기아,K5,더 뉴 K5 2세대,기아,K5,더 뉴 K5 2세대,더 뉴 K5 2세대,,T,
,,,,,0,,,,
기아,K5,K5 3세대,기아,K5,K5 3세대,K5 3세대,,T,
,,,,,0,,,,
기아,K5,K5 하이브리드,기아,K5,K5 하이브리드,K5 하이브리드,,T,
,,,,,0,,,,
기아,K5,K5 하이브리드 3세대,기아,K5,K5 하이브리드 3세대,K5 하이브리드 3세대,,T,
,,,,,0,,,,
기아,K5,K5 하이브리드 2세대,기아,K5,K5 하이브리드 2세대,K5 하이브리드 2세대,,T,
,,,,,0,,,,
기아,K5,더 뉴 K5 하이브리드 2세대,기아,K5,더 뉴 K5 하이브리드 2세대,더 뉴 K5 하이브리드 2세대,,T,
,,,,,0,,,,
기아,K7,올 뉴 K7,기아,K7,올 뉴 K7,올 뉴 K7,,T,
,,,,,0,,,,
기아,K7,더 뉴 K7,기아,K7,더 뉴 K7,더 뉴 K7,,T,
,,,,,0,,,,
기아,K7,K7 프리미어,기아,K7,K7 프리미어,K7 프리미어,,T,
,,,,,0,,,,
기아,K7,K7,기아,K7,K7,K7,,T,
,,,,,0,,,,
기아,K7,더 프레스티지 K7,기아,K7,더 프레스티지 K7,더 프레스티지 K7,,T,
,,,,,0,,,,
기아,K7,올 뉴 K7 하이브리드,기아,K7,올 뉴 K7 하이브리드,올 뉴 K7 하이브리드,,T,
,,,,,0,,,,
기아,K7,K7 프리미어 하이브리드,기아,K7,K7 프리미어 하이브리드,K7 프리미어 하이브리드,,T,
,,,,,0,,,,
기아,K7,K7 하이브리드,기아,K7,K7 하이브리드,K7 하이브리드,,T,
,,,,,0,,,,
기아,K8,K8,기아,K8,K8,K8,,T,
,,,,,0,,,,
기아,K8,K8 하이브리드,기아,K8,K8 하이브리드,K8 하이브리드,,T,
,,,,,0,,,,
기아,K9,더 K9,기아,K9,더 K9,더 K9,,T,
,,,,,0,,,,
기아,K9,K9,기아,K9,K9,K9,,T,
,,,,,0,,,,
기아,K9,더 뉴 K9,기아,K9,더 뉴 K9,더 뉴 K9,,T,
,,,,,0,,,,
기아,K9,더 뉴 K9 2세대,기아,K9,더 뉴 K9 2세대,더 뉴 K9 2세대,,T,
,,,,,0,,,,
기아,X-TREK,X-TREK,기아,X-TREK,X-TREK,X-TREK,,T,
,,,,,0,,,,
기아,니로,니로,기아,니로,니로,니로,,T,
,,,,,0,,,,
기아,니로,더 뉴 니로,기아,니로,더 뉴 니로,더 뉴 니로,,T,
,,,,,0,,,,
기아,니로,니로 EV,기아,니로,니로 EV,니로 EV,,T,
,,,,,0,,,,
기아,델타,델타,기아,델타,델타,델타,,T,
,,,,,0,,,,
기아,레이,레이,기아,레이,레이,레이,,T,
,,,,,0,,,,
기아,레이,더 뉴 레이,기아,레이,더 뉴 레이,더 뉴 레이,,T,
,,,,,0,,,,
기아,레토나,레토나,기아,레토나,레토나,레토나,,T,
,,,,,0,,,,
기아,로체,로체 이노베이션,기아,로체,로체 이노베이션,로체 이노베이션,,T,
,,,,,0,,,,
기아,로체,로체 어드밴스,기아,로체,로체 어드밴스,로체 어드밴스,,T,
,,,,,0,,,,
기아,로체,로체,기아,로체,로체,로체,,T,
,,,,,0,,,,
기아,록스타,록스타,기아,록스타,록스타,록스타,,T,
,,,,,0,,,,
기아,록스타,록스타 R2,기아,록스타,록스타 R2,록스타 R2,,T,
,,,,,0,,,,
기아,리갈,리갈,기아,리갈,리갈,리갈,,T,
,,,,,0,,,,
기아,리오,리오,기아,리오,리오,리오,,T,
,,,,,0,,,,
기아,모닝,올 뉴 모닝,기아,모닝,올 뉴 모닝,올 뉴 모닝,,T,
,,,,,0,,,,
기아,모닝,올 뉴 모닝 (JA),기아,모닝,올 뉴 모닝 (JA),올 뉴 모닝 (JA),,T,
,,,,,0,,,,
기아,모닝,뉴모닝,기아,모닝,뉴모닝,뉴모닝,,T,
,,,,,0,,,,
기아,모닝,더 뉴 모닝,기아,모닝,더 뉴 모닝,더 뉴 모닝,,T,
,,,,,0,,,,
기아,모닝,모닝 어반,기아,모닝,모닝 어반,모닝 어반,,T,
,,,,,0,,,,
기아,모닝,모닝,기아,모닝,모닝,모닝,,T,
,,,,,0,,,,
기아,모하비,모하비,기아,모하비,모하비,모하비,,T,
,,,,,0,,,,
기아,모하비,더 뉴 모하비,기아,모하비,더 뉴 모하비,더 뉴 모하비,,T,
,,,,,0,,,,
기아,모하비,모하비 더 마스터,기아,모하비,모하비 더 마스터,모하비 더 마스터,,T,
,,,,,0,,,,
기아,베스타,하이베스타,기아,베스타,하이베스타,하이베스타,,T,
,,,,,0,,,,
기아,베스타,베스타,기아,베스타,베스타,베스타,,T,
,,,,,0,,,,
기아,봉고III 미니버스,봉고III 미니버스,기아,봉고3 미니버스,봉고3 미니버스,봉고3 미니버스,,F,
,,,,,0,,,,
기아,브리샤,브리샤,기아,브리사,브리사,브리사,,F,
,,,,,0,,,,
기아,비스토,비스토,기아,비스토,비스토,비스토,,T,
,,,,,0,,,,
기아,세피아,세피아,기아,세피아,세피아,세피아,,T,
,,,,,0,,,,
기아,세피아,세피아2,기아,세피아,세피아2,세피아2,,T,
,,,,,0,,,,
기아,셀토스,셀토스,기아,셀토스,셀토스,셀토스,,T,
,,,,,0,,,,
기아,슈마,슈마,기아,슈마,슈마,슈마,,T,
,,,,,0,,,,
기아,스토닉,스토닉,기아,스토닉,스토닉,스토닉,,T,
,,,,,0,,,,
기아,스팅어,스팅어,기아,스팅어,스팅어,스팅어,,T,
,,,,,0,,,,
기아,스팅어,스팅어 마이스터,기아,스팅어,스팅어 마이스터,스팅어 마이스터,,T,
,,,,,0,,,,
기아,스펙트라,스펙트라,기아,스펙트라,스펙트라,스펙트라,,T,
,,,,,0,,,,
기아,스포티지,스포티지 4세대,기아,스포티지,스포티지 4세대,스포티지 4세대,,T,
,,,,,0,,,,
기아,스포티지,스포티지 R,기아,스포티지,스포티지 R,스포티지 R,,T,
,,,,,0,,,,
기아,스포티지,더 뉴 스포티지 R,기아,스포티지,더 뉴 스포티지 R,더 뉴 스포티지 R,,T,
,,,,,0,,,,
기아,스포티지,스포티지 더 볼드,기아,스포티지,스포티지 더 볼드,스포티지 더 볼드,,T,
,,,,,0,,,,
기아,스포티지,New 스포티지,기아,스포티지,뉴 스포티지,뉴 스포티지,,F,
,,,,,0,,,,
기아,스포티지,스포티지 5세대,기아,스포티지,디 올 뉴 스포티지,스포티지 4세대,,F,디 올 뉴 스포티지
,,,,,0,,,,
기아,스포티지,스포티지 5세대 하이브리드,기아,스포티지,디 올 뉴 스포티지 하이브리드,쏘렌토 4세대 하이브리드,,F,디 올 뉴 스포티지 하이브리드
,,,,,0,,,,
기아,스포티지,스포티지,기아,스포티지,스포티지,스포티지,,T,
,,,,,0,,,,
기아,쎄라토,뉴쎄라토,기아,쎄라토,뉴쎄라토,뉴쎄라토,,T,
,,,,,0,,,,
기아,쎄라토,쎄라토,기아,쎄라토,쎄라토,쎄라토,,T,
,,,,,0,,,,
기아,쏘렌토,더 뉴 쏘렌토,기아,쏘렌토,더 뉴 쏘렌토,더 뉴 쏘렌토,,T,
,,,,,0,,,,
기아,쏘렌토,올 뉴 쏘렌토,기아,쏘렌토,올 뉴 쏘렌토,올 뉴 쏘렌토,,T,
,,,,,0,,,,
기아,쏘렌토,쏘렌토 R,기아,쏘렌토,쏘렌토 R,쏘렌토 R,,T,
,,,,,0,,,,
기아,쏘렌토,뉴 쏘렌토 R,기아,쏘렌토,뉴 쏘렌토 R,뉴 쏘렌토 R,,T,
,,,,,0,,,,
기아,쏘렌토,쏘렌토 4세대,기아,쏘렌토,쏘렌토 4세대,쏘렌토 4세대,,T,
,,,,,0,,,,
기아,쏘렌토,뉴쏘렌토,기아,쏘렌토,뉴쏘렌토,뉴쏘렌토,,T,
,,,,,0,,,,
기아,쏘렌토,쏘렌토,기아,쏘렌토,쏘렌토,쏘렌토,,T,
,,,,,0,,,,
기아,쏘울,쏘울,기아,쏘울,쏘울,쏘울,,T,
,,,,,0,,,,
기아,쏘울,쏘울 EV,기아,쏘울,쏘울 EV,쏘울 EV,,T,
,,,,,0,,,,
기아,쏘울,올 뉴 쏘울,기아,쏘울,올 뉴 쏘울,올 뉴 쏘울,,T,
,,,,,0,,,,
기아,쏘울,쏘울 부스터,기아,쏘울,쏘울 부스터,쏘울 부스터,,T,
,,,,,0,,,,
기아,쏘울,더 뉴 쏘울,기아,쏘울,더 뉴 쏘울,더 뉴 쏘울,,T,
,,,,,0,,,,
기아,쏘울,쏘울 부스터 EV,기아,쏘울,쏘울 부스터 EV,쏘울 부스터 EV,,T,
,,,,,0,,,,
기아,아벨라,아벨라,기아,아벨라,아벨라,아벨라,,T,
,,,,,0,,,,
기아,엔터프라이즈,엔터프라이즈,기아,엔터프라이즈,엔터프라이즈,엔터프라이즈,,T,
,,,,,0,,,,
기아,엘란,엘란,기아,엘란,엘란,엘란,,T,
,,,,,0,,,,
기아,오피러스,뉴오피러스,기아,오피러스,뉴오피러스,뉴오피러스,,T,
,,,,,0,,,,
기아,오피러스,오피러스 프리미엄,기아,오피러스,오피러스 프리미엄,오피러스 프리미엄,,T,
,,,,,0,,,,
기아,오피러스,오피러스,기아,오피러스,오피러스,오피러스,,T,
,,,,,0,,,,
기아,옵티마,옵티마,기아,옵티마,옵티마,옵티마,,T,
,,,,,0,,,,
기아,카니발,올 뉴 카니발,기아,카니발,올 뉴 카니발,올 뉴 카니발,,T,
,,,,,0,,,,
기아,카니발,더 뉴 카니발,기아,카니발,더 뉴 카니발,더 뉴 카니발,,T,
,,,,,0,,,,
기아,카니발,카니발 R,기아,카니발,카니발 R,카니발 R,,T,
,,,,,0,,,,
기아,카니발,카니발 4세대,기아,카니발,카니발 4세대,카니발 4세대,,T,
,,,,,0,,,,
기아,카니발,그랜드 카니발,기아,카니발,그랜드 카니발,그랜드 카니발,,T,
,,,,,0,,,,
기아,카니발,뉴카니발,기아,카니발,뉴카니발,뉴카니발,,T,
,,,,,0,,,,
기아,카니발,카니발 II,기아,카니발,카니발2,카니발 R,,F,카니발2
,,,,,0,,,,
기아,카니발,카니발,기아,카니발,카니발,카니발,,T,
,,,,,0,,,,
기아,카렌스,뉴카렌스,기아,카렌스,뉴카렌스,뉴카렌스,,T,
,,,,,0,,,,
기아,카렌스,올 뉴 카렌스,기아,카렌스,올 뉴 카렌스,올 뉴 카렌스,,T,
,,,,,0,,,,
기아,카렌스,더 뉴 카렌스,기아,카렌스,더 뉴 카렌스,더 뉴 카렌스,,T,
,,,,,0,,,,
기아,카렌스,카렌스 II,기아,카렌스,카렌스2,카렌스2,,F,카렌스2
,,,,,0,,,,
기아,카렌스,카렌스,기아,카렌스,카렌스,카렌스,,T,
,,,,,0,,,,
기아,카스타,카스타,기아,카스타,카스타,카스타,,T,
,,,,,0,,,,
기아,캐피탈,캐피탈,기아,캐피탈,캐피탈,캐피탈,,T,
,,,,,0,,,,
기아,콩코드,뉴콩코드,기아,콩코드,뉴콩코드,뉴콩코드,,T,
,,,,,0,,,,
기아,콩코드,콩코드,기아,콩코드,콩코드,콩코드,,T,
,,,,,0,,,,
기아,크레도스,크레도스,기아,크레도스,크레도스,크레도스,,T,
,,,,,0,,,,
기아,크레도스,크레도스 2,기아,크레도스,크레도스2,크레도스2,,T,
,,,,,0,,,,
기아,타우너,타우너,기아,타우너,타우너,타우너,,T,
,,,,,0,,,,
기아,토픽,토픽,기아,토픽,토픽,토픽,,T,
,,,,,0,,,,
기아,파크타운,파크타운,기아,파크타운,파크타운,파크타운,,T,
,,,,,0,,,,
기아,포르테,포르테,기아,포르테,포르테,포르테,,T,
,,,,,0,,,,
기아,포르테,포르테 쿱,기아,포르테,포르테 쿱,포르테 쿱,,T,
,,,,,0,,,,
기아,포르테,포르테 해치백,기아,포르테,포르테 해치백,포르테 해치백,,T,
,,,,,0,,,,
기아,포텐샤,포텐샤,기아,포텐샤,포텐샤,포텐샤,,T,
,,,,,0,,,,
기아,포텐샤,뉴포텐샤,기아,포텐샤,뉴포텐샤,뉴포텐샤,,T,
,,,,,0,,,,
기아,프라이드,올 뉴 프라이드,기아,프라이드,올 뉴 프라이드,올 뉴 프라이드,,T,
,,,,,0,,,,
기아,프라이드,프라이드(신형),기아,프라이드,프라이드(신형),프라이드(신형),,T,
,,,,,0,,,,
기아,프라이드,더 뉴 프라이드,기아,프라이드,더 뉴 프라이드,더 뉴 프라이드,,T,
,,,,,0,,,,
기아,프라이드,프라이드,기아,프라이드,프라이드,프라이드,,T,
,,,,,0,,,,
기아,프레지오,프레지오,기아,프레지오,프레지오,프레지오,,T,
,,,,,0,,,,
기아,피아트132,피아트132,기아,피아트132,피아트132,피아트132,,T,
,,,,,0,,,,
쉐보레(GM대우),G2X,G2X,쉐보레(GM대우),G2X,G2X,G2X,,T,
,,,,,0,,,,
쉐보레(GM대우),넥시아,넥시아,쉐보레(GM대우),넥시아,넥시아,넥시아,,T,
,,,,,0,,,,
쉐보레(GM대우),누비라,누비라 2,쉐보레(GM대우),누비라,누비라 2,누비라 2,,T,
,,,,,0,,,,
쉐보레(GM대우),누비라,누비라,쉐보레(GM대우),누비라,누비라,누비라,,T,
,,,,,0,,,,
쉐보레(GM대우),다마스,뉴 다마스,쉐보레(GM대우),다마스,뉴 다마스,뉴 다마스,,T,
,,,,,0,,,,
쉐보레(GM대우),다마스,다마스 II,쉐보레(GM대우),다마스,다마스2,다마스2,,F,다마스2
,,,,,0,,,,
쉐보레(GM대우),다마스,다마스,쉐보레(GM대우),다마스,다마스,다마스,,T,
,,,,,0,,,,
쉐보레(GM대우),라노스,라노스 II,쉐보레(GM대우),라노스,라노스2,라노스2,,F,라노스2
,,,,,0,,,,
쉐보레(GM대우),라노스,라노스,쉐보레(GM대우),라노스,라노스,라노스,,T,
,,,,,0,,,,
쉐보레(GM대우),라보,뉴 라보,쉐보레(GM대우),라보,뉴 라보,뉴 라보,,T,
,,,,,0,,,,
쉐보레(GM대우),라보,라보,쉐보레(GM대우),라보,라보,라보,,T,
,,,,,0,,,,
쉐보레(GM대우),라세티,라세티 프리미어,쉐보레(GM대우),라세티,라세티 프리미어,라세티 프리미어,,T,
,,,,,0,,,,
쉐보레(GM대우),라세티,라세티,쉐보레(GM대우),라세티,라세티,라세티,,T,
,,,,,0,,,,
쉐보레(GM대우),레간자,레간자,쉐보레(GM대우),레간자,레간자,레간자,,T,
,,,,,0,,,,
쉐보레(GM대우),레조,레조,쉐보레(GM대우),레조,레조,레조,,T,
,,,,,0,,,,
쉐보레(GM대우),로얄살롱,로얄살롱,쉐보레(GM대우),로얄살롱,로얄살롱,로얄살롱,,T,
,,,,,0,,,,
쉐보레(GM대우),르망,르망,쉐보레(GM대우),르망,르망,르망,,T,
,,,,,0,,,,
쉐보레(GM대우),마티즈,마티즈 크리에이티브,쉐보레(GM대우),마티즈,마티즈 크리에이티브,마티즈 크리에이티브,,T,
,,,,,0,,,,
쉐보레(GM대우),마티즈,All New 마티즈,쉐보레(GM대우),마티즈,All New 마티즈,All New 마티즈,,T,
,,,,,0,,,,
쉐보레(GM대우),마티즈,마티즈 클래식,쉐보레(GM대우),마티즈,마티즈 클래식,마티즈 클래식,,T,
,,,,,0,,,,
쉐보레(GM대우),마티즈,마티즈 II,쉐보레(GM대우),마티즈,마티즈2,마티즈2,,F,마티즈2
,,,,,0,,,,
쉐보레(GM대우),마티즈,마티즈,쉐보레(GM대우),마티즈,마티즈,마티즈,,T,
,,,,,0,,,,
쉐보레(GM대우),말리부,올 뉴 말리부,쉐보레(GM대우),말리부,올 뉴 말리부,올 뉴 말리부,,T,
,,,,,0,,,,
쉐보레(GM대우),말리부,말리부,쉐보레(GM대우),말리부,말리부,말리부,,T,
,,,,,0,,,,
쉐보레(GM대우),말리부,더 뉴 말리부,쉐보레(GM대우),말리부,더 뉴 말리부,더 뉴 말리부,,T,
,,,,,0,,,,
쉐보레(GM대우),매그너스,매그너스,쉐보레(GM대우),매그너스,매그너스,매그너스,,T,
,,,,,0,,,,
쉐보레(GM대우),맵시,맵시,쉐보레(GM대우),맵시,맵시,맵시,,T,
,,,,,0,,,,
쉐보레(GM대우),베리타스,베리타스,쉐보레(GM대우),베리타스,베리타스,베리타스,,T,
,,,,,0,,,,
쉐보레(GM대우),볼트 EUV,볼트 EUV,쉐보레(GM대우),볼트 EUV,볼트 EUV,볼트 EUV,,T,
,,,,,0,,,,
쉐보레(GM대우),볼트 EV,볼트 EV,쉐보레(GM대우),볼트 EV,볼트 EV,볼트 EV,,T,
,,,,,0,,,,
쉐보레(GM대우),볼트 EV,뉴 볼트 EV,쉐보레(GM대우),볼트 EV,뉴 볼트 EV,뉴 볼트 EV,,T,
,,,,,0,,,,
쉐보레(GM대우),볼트(Volt),볼트(Volt),쉐보레(GM대우),볼트(Volt),볼트(Volt),볼트(Volt),,T,
,,,,,0,,,,
쉐보레(GM대우),브로엄,브로엄,쉐보레(GM대우),브로엄,브로엄,브로엄,,T,
,,,,,0,,,,
쉐보레(GM대우),슈퍼살롱,슈퍼살롱,쉐보레(GM대우),슈퍼살롱,슈퍼살롱,슈퍼살롱,,T,
,,,,,0,,,,
쉐보레(GM대우),스테이츠맨,스테이츠맨,쉐보레(GM대우),스테이츠맨,스테이츠맨,스테이츠맨,,T,
,,,,,0,,,,
쉐보레(GM대우),스파크,스파크,쉐보레(GM대우),스파크,스파크,스파크,,T,
,,,,,0,,,,
쉐보레(GM대우),스파크,더 넥스트 스파크,쉐보레(GM대우),스파크,더 넥스트 스파크,더 넥스트 스파크,,T,
,,,,,0,,,,
쉐보레(GM대우),스파크,더 뉴 스파크,쉐보레(GM대우),스파크,더 뉴 스파크,더 뉴 스파크,,T,
,,,,,0,,,,
쉐보레(GM대우),스파크,스파크 EV,쉐보레(GM대우),스파크,스파크 EV,스파크 EV,,T,
,,,,,0,,,,
쉐보레(GM대우),씨에로,씨에로,쉐보레(GM대우),씨에로,씨에로,씨에로,,T,
,,,,,0,,,,
쉐보레(GM대우),아베오,아베오 해치백,쉐보레(GM대우),아베오,아베오,포르테 해치백,,F,아베오
,,,,,0,,,,
쉐보레(GM대우),아베오,아베오 세단,쉐보레(GM대우),아베오,아베오,아베오,,F,아베오
,,,,,0,,,,
쉐보레(GM대우),아베오,더 뉴 아베오 세단,쉐보레(GM대우),아베오,더 뉴 아베오,더 뉴 아베오,,F,더 뉴 아베오
,,,,,0,,,,
쉐보레(GM대우),아베오,더 뉴 아베오 해치백,쉐보레(GM대우),아베오,더 뉴 아베오,더 뉴 아베오,,F,더 뉴 아베오
,,,,,0,,,,
쉐보레(GM대우),아카디아,아카디아,쉐보레(GM대우),아카디아,아카디아,아카디아,,T,
,,,,,0,,,,
쉐보레(GM대우),알페온,알페온,쉐보레(GM대우),알페온,알페온,알페온,,T,
,,,,,0,,,,
쉐보레(GM대우),에스페로,에스페로,쉐보레(GM대우),에스페로,에스페로,에스페로,,T,
,,,,,0,,,,
쉐보레(GM대우),올란도,올란도,쉐보레(GM대우),올란도,올란도,올란도,,T,
,,,,,0,,,,
쉐보레(GM대우),윈스톰,윈스톰,쉐보레(GM대우),윈스톰,윈스톰,윈스톰,,T,
,,,,,0,,,,
쉐보레(GM대우),윈스톰,윈스톰 맥스,쉐보레(GM대우),윈스톰,윈스톰 맥스,윈스톰 맥스,,T,
,,,,,0,,,,
쉐보레(GM대우),이쿼녹스,이쿼녹스,쉐보레(GM대우),이쿼녹스,이쿼녹스,이쿼녹스,,T,
,,,,,0,,,,
쉐보레(GM대우),임팔라,임팔라,쉐보레(GM대우),임팔라,임팔라,임팔라,,T,
,,,,,0,,,,
쉐보레(GM대우),임페리얼,임페리얼,쉐보레(GM대우),임페리얼,임페리얼,임페리얼,,T,
,,,,,0,,,,
쉐보레(GM대우),젠트라,젠트라 X,쉐보레(GM대우),젠트라,젠트라 X,젠트라 X,,T,
,,,,,0,,,,
쉐보레(GM대우),젠트라,젠트라,쉐보레(GM대우),젠트라,젠트라,젠트라,,T,
,,,,,0,,,,
쉐보레(GM대우),카마로,올 뉴 카마로,쉐보레(GM대우),카마로,올 뉴 카마로,올 뉴 카마로,,T,
,,,,,0,,,,
쉐보레(GM대우),카마로,더 뉴 카마로,쉐보레(GM대우),카마로,더 뉴 카마로,더 뉴 카마로,,T,
,,,,,0,,,,
쉐보레(GM대우),카마로,카마로,쉐보레(GM대우),카마로,카마로,카마로,,T,
,,,,,0,,,,
쉐보레(GM대우),칼로스,칼로스,쉐보레(GM대우),칼로스,칼로스,칼로스,,T,
,,,,,0,,,,
쉐보레(GM대우),캡티바,캡티바,쉐보레(GM대우),캡티바,캡티바,캡티바,,T,
,,,,,0,,,,
쉐보레(GM대우),콜로라도,콜로라도,쉐보레(GM대우),콜로라도,콜로라도,콜로라도,,T,
,,,,,0,,,,
쉐보레(GM대우),콜로라도,리얼 뉴 콜로라도,쉐보레(GM대우),콜로라도,리얼 뉴 콜로라도,리얼 뉴 콜로라도,,T,
,,,,,0,,,,
쉐보레(GM대우),콜벳,콜벳,쉐보레(GM대우),콜벳,콜벳,콜벳,,T,
,,,,,0,,,,
쉐보레(GM대우),크루즈,크루즈,쉐보레(GM대우),크루즈,크루즈,크루즈,,T,
,,,,,0,,,,
쉐보레(GM대우),크루즈,어메이징 뉴 크루즈,쉐보레(GM대우),크루즈,어메이징 뉴 크루즈,어메이징 뉴 크루즈,,T,
,,,,,0,,,,
쉐보레(GM대우),크루즈,올 뉴 크루즈,쉐보레(GM대우),크루즈,올 뉴 크루즈,올 뉴 크루즈,,T,
,,,,,0,,,,
쉐보레(GM대우),크루즈,크루즈5,쉐보레(GM대우),크루즈,크루즈5,크루즈5,,T,
,,,,,0,,,,
쉐보레(GM대우),크루즈,어메이징 뉴 크루즈5,쉐보레(GM대우),크루즈,어메이징 뉴 크루즈5,어메이징 뉴 크루즈5,,T,
,,,,,0,,,,
쉐보레(GM대우),토스카,토스카 프리미엄6,쉐보레(GM대우),토스카,토스카 프리미엄6,토스카 프리미엄6,,T,
,,,,,0,,,,
쉐보레(GM대우),토스카,토스카,쉐보레(GM대우),토스카,토스카,토스카,,T,
,,,,,0,,,,
쉐보레(GM대우),트래버스,트래버스,쉐보레(GM대우),트래버스,트래버스,트래버스,,T,
,,,,,0,,,,
쉐보레(GM대우),트랙스,더 뉴 트랙스,쉐보레(GM대우),트랙스,더 뉴 트랙스,더 뉴 트랙스,,T,
,,,,,0,,,,
쉐보레(GM대우),트랙스,트랙스,쉐보레(GM대우),트랙스,트랙스,트랙스,,T,
,,,,,0,,,,
쉐보레(GM대우),트레일블레이저,트레일블레이저,쉐보레(GM대우),트레일블레이저,트레일블레이저,트레일블레이저,,T,
,,,,,0,,,,
쉐보레(GM대우),티코,티코,쉐보레(GM대우),티코,티코,티코,,T,
,,,,,0,,,,
쉐보레(GM대우),프린스,프린스,쉐보레(GM대우),프린스,프린스,프린스,,T,
,,,,,0,,,,
쉐보레(GM대우),프린스,뉴프린스,쉐보레(GM대우),프린스,뉴프린스,뉴프린스,,T,
,,,,,0,,,,
쉐보레(GM대우),프린스,로얄 프린스,쉐보레(GM대우),프린스,로얄 프린스,로얄 프린스,,T,
,,,,,0,,,,
르노삼성,QM3,QM3,르노삼성,QM3,QM3,QM3,,T,
,,,,,0,,,,
르노삼성,QM3,뉴QM3,르노삼성,QM3,뉴QM3,뉴QM3,,T,
,,,,,0,,,,
르노삼성,QM5,QM5,르노삼성,QM5,QM5,QM5,,T,
,,,,,0,,,,
르노삼성,QM5,QM5 네오,르노삼성,QM5,QM5 네오,QM5 네오,,T,
,,,,,0,,,,
르노삼성,QM5,뉴QM5,르노삼성,QM5,뉴QM5,뉴QM5,,T,
,,,,,0,,,,
르노삼성,QM6,QM6,르노삼성,QM6,QM6,QM6,,T,
,,,,,0,,,,
르노삼성,QM6,더 뉴 QM6,르노삼성,QM6,더 뉴 QM6,더 뉴 QM6,,T,
,,,,,0,,,,
르노삼성,SM3,뉴SM3,르노삼성,SM3,뉴SM3,뉴SM3,,T,
,,,,,0,,,,
르노삼성,SM3,SM3 네오,르노삼성,SM3,SM3 네오,SM3 네오,,T,
,,,,,0,,,,
르노삼성,SM3,SM3 뉴 제너레이션,르노삼성,SM3,SM3 뉴 제너레이션,SM3 뉴 제너레이션,,T,
,,,,,0,,,,
르노삼성,SM3,SM3 Z.E.,르노삼성,SM3,SM3 Z.E.,SM3 Z.E.,,T,
,,,,,0,,,,
르노삼성,SM3,SM3,르노삼성,SM3,SM3,SM3,,T,
,,,,,0,,,,
르노삼성,SM5,뉴SM5(신형),르노삼성,SM5,뉴SM5(신형),뉴SM5(신형),,T,
,,,,,0,,,,
르노삼성,SM5,SM5 뉴 임프레션,르노삼성,SM5,SM5 뉴 임프레션,SM5 뉴 임프레션,,T,
,,,,,0,,,,
르노삼성,SM5,뉴SM5 플래티넘,르노삼성,SM5,뉴SM5 플래티넘,뉴SM5 플래티넘,,T,
,,,,,0,,,,
르노삼성,SM5,SM5 노바,르노삼성,SM5,SM5 노바,SM5 노바,,T,
,,,,,0,,,,
르노삼성,SM5,뉴SM5,르노삼성,SM5,뉴SM5,뉴SM5,,T,
,,,,,0,,,,
르노삼성,SM5,SM5,르노삼성,SM5,SM5,SM5,,T,
,,,,,0,,,,
르노삼성,SM6,SM6,르노삼성,SM6,SM6,SM6,,T,
,,,,,0,,,,
르노삼성,SM6,더 뉴 SM6,르노삼성,SM6,더 뉴 SM6,더 뉴 SM6,,T,
,,,,,0,,,,
르노삼성,SM7,SM7 노바,르노삼성,SM7,SM7 노바,SM7 노바,,T,
,,,,,0,,,,
르노삼성,SM7,SM7 New Art,르노삼성,SM7,SM7 New Art,SM7 New Art,,T,
,,,,,0,,,,
르노삼성,SM7,All New SM7,르노삼성,SM7,All New SM7,All New SM7,,T,
,,,,,0,,,,
르노삼성,SM7,SM7,르노삼성,SM7,SM7,SM7,,T,
,,,,,0,,,,
르노삼성,XM3,XM3,르노삼성,XM3,XM3,XM3,,T,
,,,,,0,,,,
르노삼성,마스터,마스터,르노삼성,마스터,마스터,마스터,,T,
,,,,,0,,,,
르노삼성,조에,조에,르노삼성,조에,조에,조에,,T,
,,,,,0,,,,
르노삼성,캡처,캡처,르노삼성,캡처,캡처,캡처,,T,
,,,,,0,,,,
르노삼성,클리오,클리오,르노삼성,클리오,클리오,클리오,,T,
,,,,,0,,,,
르노삼성,트위지,트위지,르노삼성,트위지,트위지,트위지,,T,
,,,,,0,,,,
쌍용,뉴훼미리,뉴훼미리,쌍용,뉴훼미리,뉴훼미리,뉴훼미리,,T,
,,,,,0,,,,
쌍용,렉스턴,렉스턴 스포츠,쌍용,렉스턴,렉스턴 스포츠,렉스턴 스포츠,,T,
,,,,,0,,,,
쌍용,렉스턴,G4 렉스턴,쌍용,렉스턴,G4 렉스턴,G4 렉스턴,,T,
,,,,,0,,,,
쌍용,렉스턴,렉스턴 스포츠 칸,쌍용,렉스턴,렉스턴 스포츠 칸,렉스턴 스포츠 칸,,T,
,,,,,0,,,,
쌍용,렉스턴,렉스턴 W,쌍용,렉스턴,렉스턴 W,렉스턴 W,,T,
,,,,,0,,,,
쌍용,렉스턴,슈퍼 렉스턴,쌍용,렉스턴,슈퍼 렉스턴,슈퍼 렉스턴,,T,
,,,,,0,,,,
쌍용,렉스턴,올 뉴 렉스턴,쌍용,렉스턴,올 뉴 렉스턴,올 뉴 렉스턴,,T,
,,,,,0,,,,
쌍용,렉스턴,렉스턴 II,쌍용,렉스턴,렉스턴2,렉스턴 W,,F,렉스턴2
,,,,,0,,,,
쌍용,렉스턴,뉴렉스턴,쌍용,렉스턴,뉴렉스턴,뉴렉스턴,,T,
,,,,,0,,,,
쌍용,렉스턴,더 뉴 렉스턴 스포츠 칸,쌍용,렉스턴,더 뉴 렉스턴 스포츠 칸,더 뉴 렉스턴 스포츠 칸,,T,
,,,,,0,,,,
쌍용,렉스턴,더 뉴 렉스턴 스포츠,쌍용,렉스턴,더 뉴 렉스턴 스포츠,더 뉴 렉스턴 스포츠,,T,
,,,,,0,,,,
쌍용,렉스턴,렉스턴,쌍용,렉스턴,렉스턴,렉스턴,,T,
,,,,,0,,,,
쌍용,로디우스,뉴로디우스,쌍용,로디우스,뉴로디우스,뉴로디우스,,T,
,,,,,0,,,,
쌍용,로디우스,로디우스 유로,쌍용,로디우스,로디우스 유로,로디우스 유로,,T,
,,,,,0,,,,
쌍용,로디우스,로디우스,쌍용,로디우스,로디우스,로디우스,,T,
,,,,,0,,,,
쌍용,무쏘,뉴무쏘,쌍용,무쏘,뉴무쏘,뉴무쏘,,T,
,,,,,0,,,,
쌍용,무쏘,무쏘 스포츠,쌍용,무쏘,무쏘 스포츠,무쏘 스포츠,,T,
,,,,,0,,,,
쌍용,무쏘,무쏘,쌍용,무쏘,무쏘,무쏘,,T,
,,,,,0,,,,
쌍용,무쏘,뉴무쏘 밴,쌍용,무쏘,뉴무쏘,뉴무쏘,,F,
,,,,,0,,,,
쌍용,액티언,액티언 스포츠,쌍용,액티언,액티언 스포츠,액티언 스포츠,,T,
,,,,,0,,,,
쌍용,액티언,액티언,쌍용,액티언,액티언,액티언,,T,
,,,,,0,,,,
쌍용,이스타나,이스타나,쌍용,이스타나,이스타나,이스타나,,T,
,,,,,0,,,,
쌍용,체어맨,뉴체어맨 W,쌍용,체어맨,뉴체어맨 W,뉴체어맨 W,,T,
,,,,,0,,,,
쌍용,체어맨,체어맨 W,쌍용,체어맨,체어맨 W,체어맨 W,,T,
,,,,,0,,,,
쌍용,체어맨,뉴체어맨,쌍용,체어맨,뉴체어맨,뉴체어맨,,T,
,,,,,0,,,,
쌍용,체어맨,체어맨 H,쌍용,체어맨,체어맨 H,체어맨 H,,T,
,,,,,0,,,,
쌍용,체어맨,체어맨 H 뉴 클래식,쌍용,체어맨,체어맨 H 뉴 클래식,체어맨 H 뉴 클래식,,T,
,,,,,0,,,,
쌍용,체어맨,체어맨,쌍용,체어맨,체어맨,체어맨,,T,
,,,,,0,,,,
쌍용,카이런,뉴카이런,쌍용,카이런,뉴카이런,뉴카이런,,T,
,,,,,0,,,,
쌍용,카이런,카이런,쌍용,카이런,카이런,카이런,,T,
,,,,,0,,,,
쌍용,칼리스타,칼리스타,쌍용,칼리스타,칼리스타,칼리스타,,T,
,,,,,0,,,,
쌍용,코란도,코란도 스포츠,쌍용,코란도,코란도 스포츠,코란도 스포츠,,T,
,,,,,0,,,,
쌍용,코란도,코란도 투리스모,쌍용,코란도,코란도 투리스모,코란도 투리스모,,T,
,,,,,0,,,,
쌍용,코란도,더 뉴 코란도 스포츠,쌍용,코란도,더 뉴 코란도 스포츠,더 뉴 코란도 스포츠,,T,
,,,,,0,,,,
쌍용,코란도,뉴코란도 C,쌍용,코란도,뉴코란도 C,뉴코란도 C,,T,
,,,,,0,,,,
쌍용,코란도,코란도 C,쌍용,코란도,코란도 C,코란도 C,,T,
,,,,,0,,,,
쌍용,코란도,뷰티풀 코란도,쌍용,코란도,뷰티풀 코란도,뷰티풀 코란도,,T,
,,,,,0,,,,
쌍용,코란도,뉴 스타일 코란도 C,쌍용,코란도,뉴 스타일 코란도 C,뉴 스타일 코란도 C,,T,
,,,,,0,,,,
쌍용,코란도,뉴코란도,쌍용,코란도,뉴코란도,뉴코란도,,T,
,,,,,0,,,,
쌍용,코란도,코란도 지프,쌍용,코란도,코란도 지프,코란도 지프,,T,
,,,,,0,,,,
쌍용,코란도,코란도 훼미리,쌍용,코란도,코란도 훼미리,코란도 훼미리,,T,
,,,,,0,,,,
쌍용,티볼리,티볼리,쌍용,티볼리,티볼리,티볼리,,T,
,,,,,0,,,,
쌍용,티볼리,티볼리 아머,쌍용,티볼리,티볼리 아머,티볼리 아머,,T,
,,,,,0,,,,
쌍용,티볼리,티볼리 에어,쌍용,티볼리,티볼리 에어,티볼리 에어,,T,
,,,,,0,,,,
쌍용,티볼리,베리 뉴 티볼리,쌍용,티볼리,베리 뉴 티볼리,베리 뉴 티볼리,,T,
,,,,,0,,,,
기타 제조사,기타 승용차,기타,기타,기타,기타,기타,,T,
,,,,,0,,,,
기타 제조사,어울림모터스,어울림모터스-스피라,기타,기타,승용차,쏘울 부스터,,F,기타->기타->승용차
,,,,,,,,,
,,,,,,,,,
,,,,,,,,,
,,,,,,,,,
,,,,,,,,,
,,,,,,,,,
,,,,,,,,,
,,,,,,,,,
,,,,,,,,,
,,,,,,,,,
,,,,,,,,,
,,,,,,,,,
,,,,,,,,,
,,,,,,,,,
,,,,,,,,,
,,,,,,,,,
,,,,,,,,,
,,,,,,,,,
,,,,,,,,,
,,,,,,,,,
,,,,,,,,,
,,,,,,,,,
,,,,,,,,,
,,,,,,,,,
,,,,,,,,,
,,,,,,,,,
,,,,,,,,,
,,,,,,,,,
,,,,,,,,,
,,,,,,,,,
,,,,,,,,,
,,,,,,,,,
,,,,,,,,,
,,,,,,,,,
,,,,,,,,,
,,,,,,,,,
,,,,,,,,,
,,,,,,,,,
,,,,,,,,,
,,,,,,,,,
,,,,,,,,,
,,,,,,,,,
,,,,,,,,,
,,,,,,,,,
,,,,,,,,,
,,,,,,,,,
,,,,,,,,,
,,,,,,,,,
,,,,,,,,,
,,,,,,,,,
,,,,,,,,,
,,,,,,,,,
,,,,,,,,,
,,,,,,,,,
,,,,,,,,,
,,,,,,,,,
,,,,,,,,,
,,,,,,,,,
,,,,,,,,,
,,,,,,,,,
,,,,,,,,,
,,,,,,,,,
,,,,,,,,,
,,,,,,,,,
,,,,,,,,,
,,,,,,,,,
,,,,,,,,,
,,,,,,,,,
,,,,,,,,,
,,,,,,,,,
,,,,,,,,,
,,,,,,,,,
,,,,,,,,,
,,,,,,,,,
,,,,,,,,,
,,,,,,,,,
,,,,,,,,,
,,,,,,,,,
,,,,,,,,,
,,,,,,,,,
,,,,,,,,,
,,,,,,,,,
,,,,,,,,,
,,,,,,,,,
,,,,,,,,,
,,,,,,,,,
,,,,,,,,,
,,,,,,,,,
,,,,,,,,,
,,,,,,,,,
,,,,,,,,,
,,,,,,,,,
,,,,,,,,,
,,,,,,,,,
,,,,,,,,,
,,,,,,,,,
,,,,,,,,,
,,,,,,,,,
,,,,,,,,,
,,,,,,,,,
,,,,,,,,,
,,,,,,,,,
,,,,,,,,,
,,,,,,,,,
,,,,,,,,,
,,,,,,,,,
,,,,,,,,,
,,,,,,,,,
,,,,,,,,,
,,,,,,,,,
,,,,,,,,,
,,,,,,,,,
,,,,,,,,,
,,,,,,,,,
,,,,,,,,,
,,,,,,,,,
,,,,,,,,,
,,,,,,,,,
,,,,,,,,,
,,,,,,,,,
,,,,,,,,,
,,,,,,,,,
,,,,,,,,,
,,,,,,,,,
,,,,,,,,,
,,,,,,,,,
,,,,,,,,,
,,,,,,,,,
,,,,,,,,,
,,,,,,,,,
,,,,,,,,,
,,,,,,,,,
,,,,,,,,,
,,,,,,,,,
,,,,,,,,,
,,,,,,,,,
,,,,,,,,,
,,,,,,,,,
,,,,,,,,,
,,,,,,,,,
,,,,,,,,,
,,,,,,,,,
,,,,,,,,,
